"meltcurve_well_id","Location_Code","mosquito_id","Genotype","Zone"
"A01","PTA593","IQT07340","HomozygousHigh","treatment"
"C01","PTA593","IQT07341","HomozygousHigh","treatment"
"E01","PTA593","IQT07342","HomozygousHigh","treatment"
"G01","PTA593","IQT07343","HomozygousHigh","treatment"
"I01","PTA593","IQT07344","HomozygousHigh","treatment"
"K01","PTA593","IQT07345","HomozygousHigh","treatment"
"M01","PTA593","IQT07346","HomozygousHigh","treatment"
"O01","PTA593","IQT07347","HomozygousHigh","treatment"
"A03","PTA593","IQT07348","Error:MissingWellID","treatment"
"C03","PTA593","IQT07349","HomozygousHigh","treatment"
"E03","PTA593","IQT07350","HomozygousHigh","treatment"
"G03","PTA593","IQT07351","HomozygousHigh","treatment"
"I03","PTA593","IQT07352","HomozygousHigh","treatment"
"K03","PTA593","IQT07353","HomozygousHigh","treatment"
"M03","PTA593","IQT07354","HomozygousHigh","treatment"
"O03","PTA593","IQT07355","HomozygousHigh","treatment"
"A05","PTA593","IQT07356","HomozygousHigh","treatment"
"C05","PTA593","IQT07357","HomozygousHigh","treatment"
"E05","PTA593","IQT07358","HomozygousHigh","treatment"
"G05","PTA593","IQT07359","HomozygousHigh","treatment"
"I05","PTA593","IQT07360","HomozygousHigh","treatment"
"K05","PTA593","IQT07361","HomozygousHigh","treatment"
"M05","PTA593","IQT07362","HomozygousHigh","treatment"
"O05","PTA593","IQT07363","HomozygousHigh","treatment"
"A07","PTA593","IQT07364","HomozygousHigh","treatment"
"C07","PTA593","IQT07365","HomozygousHigh","treatment"
"E07","PTA593","IQT07366","HomozygousHigh","treatment"
"G07","PTA593","IQT07367","HomozygousHigh","treatment"
"I07","PTA593","IQT07368","HomozygousHigh","treatment"
"K07","PTA593","IQT07369","HomozygousHigh","treatment"
"M07","PTA593","IQT07370","HomozygousHigh","treatment"
"O07","PTA593","IQT07371","HomozygousHigh","treatment"
"A09","PTA593","IQT07372","HomozygousHigh","treatment"
"C09","PTA593","IQT07373","HomozygousHigh","treatment"
"E09","PTA593","IQT07374","HomozygousHigh","treatment"
"G09","PTA593","IQT07375","HomozygousHigh","treatment"
"I09","PTA593","IQT07376","HomozygousHigh","treatment"
"K09","PTA593","IQT07377","HomozygousHigh","treatment"
"M09","PTA593","IQT07378","HomozygousHigh","treatment"
"O09","PTA593","IQT07379","HomozygousHigh","treatment"
"A11","PTA593","IQT07380","HomozygousHigh","treatment"
"C11","PTA593","IQT07381","HomozygousHigh","treatment"
"E11","PTA593","IQT07382","HomozygousHigh","treatment"
"G11","PTA593","IQT07383","HomozygousHigh","treatment"
"I11","PTA593","IQT07384","HomozygousHigh","treatment"
"K11","PTA593","IQT07385","HomozygousHigh","treatment"
"M11","PTA593","IQT07386","HomozygousHigh","treatment"
"O11","PTA593","IQT07387","HomozygousHigh","treatment"
"A13","PTA593","IQT07388","HomozygousHigh","treatment"
"C13","PTA593","IQT07389","HomozygousHigh","treatment"
"E13","PTA593","IQT07390","HomozygousHigh","treatment"
"G13","PTA593","IQT07391","HomozygousHigh","treatment"
"I13","PTA593","IQT07392","HomozygousHigh","treatment"
"K13","PTA593","IQT07393","HomozygousHigh","treatment"
"M13","PTA593","IQT07394","HomozygousHigh","treatment"
"O13","PTA593","IQT07395","HomozygousHigh","treatment"
"A15","PTA593","IQT07396","HomozygousHigh","treatment"
"C15","PTA593","IQT07397","HomozygousHigh","treatment"
"E15","PTA593","IQT07398","HomozygousHigh","treatment"
"G15","PTA593","IQT07399","HomozygousHigh","treatment"
"I15","PTA593","IQT07400","HomozygousHigh","treatment"
"K15","PTA593","IQT07401","HomozygousHigh","treatment"
"M15","PTA593","IQT07402","HomozygousHigh","treatment"
"O15","PTA593","IQT07403","HomozygousHigh","treatment"
"A17","PTA593","IQT07404","HomozygousHigh","treatment"
"C17","PTA593","IQT07405","HomozygousHigh","treatment"
"E17","PTA593","IQT07406","HomozygousHigh","treatment"
"G17","PTA593","IQT07407","HomozygousHigh","treatment"
"I17","PTA593","IQT07408","HomozygousHigh","treatment"
"K17","PTA593","IQT07409","HomozygousHigh","treatment"
"M17","PTA593","IQT07410","HomozygousHigh","treatment"
"O17","PTA593","IQT07411","HomozygousHigh","treatment"
"A19","PTA593","IQT07412","HomozygousHigh","treatment"
"C19","PTA593","IQT07413","HomozygousHigh","treatment"
"E19","PTA593","IQT07414","HomozygousHigh","treatment"
"G19","PTA593","IQT07415","HomozygousHigh","treatment"
"I19","PTA593","IQT07416","HomozygousHigh","treatment"
"K19","PTA593","IQT07417","HomozygousHigh","treatment"
"M19","PTA593","IQT07418","HomozygousHigh","treatment"
"O19","PTA593","IQT07419","HomozygousHigh","treatment"
"A21","PTA593","IQT07420","HomozygousHigh","treatment"
"C21","PTA593","IQT07421","HomozygousHigh","treatment"
"E21","PTA593","IQT07422","HomozygousHigh","treatment"
"G21","PTA593","IQT07423","HomozygousHigh","treatment"
"I21","PTA593","IQT07424","HomozygousHigh","treatment"
"K21","PTA593","IQT07425","HomozygousHigh","treatment"
"M21","PTA593","IQT07426","HomozygousHigh","treatment"
"O21","PTA593","IQT07427","HomozygousHigh","treatment"
"A23","PTA593","IQT07428","HomozygousHigh","treatment"
"C23","PTA593","IQT07429","HomozygousHigh","treatment"
"E23","PTA593","IQT07430","HomozygousHigh","treatment"
"G23","PTA593","IQT07431","HomozygousHigh","treatment"
"I23","PTA593","IQT07432","HomozygousHigh","treatment"
"K23","PTA593","IQT07433","HomozygousHigh","treatment"
"M23","PTA593","IQT07434","HomozygousHigh","treatment"
"B01","SG-IQT-573","IQT03756","HomozygousHigh","undefined"
"D01","SG-IQT-578","IQT03757","HomozygousHigh","undefined"
"F01","SG-IQT-579","IQT03758","HomozygousHigh","undefined"
"H01","SG-IQT-581","IQT03759","HomozygousHigh","undefined"
"J01","SG-IQT-582","IQT03760","HomozygousHigh","undefined"
"L01","SG-IQT-583","IQT03761","HomozygousHigh","undefined"
"N01","SG-IQT-584","IQT03762","HomozygousHigh","undefined"
"P01","SG-IQT-585","IQT03763","HomozygousHigh","undefined"
"B03","SG-IQT-586","IQT03764","HomozygousHigh","undefined"
"D03","SG-IQT-588","IQT03765","HomozygousHigh","undefined"
"F03","SG-IQT-589","IQT03766","HomozygousHigh","undefined"
"H03","SG-IQT-592","IQT03767","HomozygousHigh","undefined"
"J03","SG-IQT-593","IQT03768","HomozygousHigh","undefined"
"L03","SG-IQT-594","IQT03769","HomozygousHigh","undefined"
"N03","SG-IQT-597","IQT03770","HomozygousHigh","undefined"
"P03","SG-IQT-598","IQT03771","HomozygousHigh","undefined"
"B05","SG-IQT-599","IQT03772","HomozygousHigh","undefined"
"D05","SG-IQT-600","IQT03773","HomozygousHigh","undefined"
"F05","SG-IQT-601","IQT03774","HomozygousHigh","undefined"
"H05","SG-IQT-602","IQT03775","HomozygousHigh","undefined"
"J05","SG-IQT-603","IQT03776","HomozygousHigh","undefined"
"L05","SG-IQT-604","IQT03777","HomozygousHigh","undefined"
"N05","SG-IQT-605","IQT03778","HomozygousHigh","undefined"
"P05","SG-IQT-606","IQT03779","HomozygousHigh","undefined"
"B07","SG-IQT-607","IQT03780","HomozygousHigh","undefined"
"D07","SG-IQT-610","IQT03781","HomozygousHigh","undefined"
"F07","SG-IQT-611","IQT03782","HomozygousHigh","undefined"
"H07","SG-IQT-612","IQT03783","HomozygousHigh","undefined"
"J07","SG-IQT-615","IQT03784","HomozygousHigh","undefined"
"L07","SG-IQT-622","IQT03785","HomozygousHigh","undefined"
"N07","SG-IQT-623","IQT03786","HomozygousHigh","undefined"
"P07","SG-IQT-626","IQT03787","HomozygousHigh","undefined"
"B09","SG-IQT-627","IQT03788","HomozygousHigh","undefined"
"D09","SG-IQT-633","IQT03789","HomozygousHigh","undefined"
"F09","SG-IQT-635","IQT03790","HomozygousHigh","undefined"
"H09","SG-IQT-640","IQT03791","HomozygousHigh","undefined"
"J09","SG-IQT-641","IQT03792","HomozygousHigh","undefined"
"L09","SG-IQT-642","IQT03793","HomozygousHigh","undefined"
"N09","SG-IQT-643","IQT03794","HomozygousHigh","undefined"
"P09","SG-IQT-644","IQT03795","HomozygousHigh","undefined"
"B11","SG-IQT-645","IQT03796","HomozygousHigh","undefined"
"D11","SG-IQT-651","IQT03797","HomozygousHigh","undefined"
"F11","SG-IQT-659","IQT03798","HomozygousHigh","undefined"
"H11","SG-IQT-660","IQT03799","HomozygousHigh","undefined"
"J11","SG-IQT-661","IQT03800","HomozygousHigh","undefined"
"L11","SG-IQT-662","IQT03801","HomozygousHigh","undefined"
"N11","SG-IQT-663","IQT03802","HomozygousHigh","undefined"
"P11","SG-IQT-666","IQT03803","HomozygousHigh","undefined"
"B13","SG-IQT-675","IQT03804","HomozygousHigh","undefined"
"D13","SG-IQT-676","IQT03805","HomozygousHigh","undefined"
"F13","SG-IQT-700","IQT03806","HomozygousHigh","undefined"
"H13","SG-IQT-701","IQT03807","HomozygousHigh","undefined"
"J13","SG-IQT-704","IQT03808","HomozygousHigh","undefined"
"L13","SG-IQT-715","IQT03809","HomozygousHigh","undefined"
"N13","SG-IQT-716","IQT03810","HomozygousHigh","undefined"
"P13","SG-IQT-717","IQT03811","HomozygousHigh","undefined"
"B15","SG-IQT-718","IQT03812","HomozygousHigh","undefined"
"D15","SG-IQT-719","IQT03813","HomozygousHigh","undefined"
"F15","SG-IQT-722","IQT03814","HomozygousHigh","undefined"
"H15","SG-IQT-723","IQT03815","HomozygousHigh","undefined"
"J15","SG-IQT-724","IQT03816","HomozygousHigh","undefined"
"L15","SG-IQT-725","IQT03817","HomozygousHigh","undefined"
"N15","SG-IQT-731","IQT03818","HomozygousHigh","undefined"
"P15","SG-IQT-732","IQT03819","HomozygousHigh","undefined"
"B17","SG-IQT-733","IQT03820","HomozygousHigh","undefined"
"D17","SG-IQT-737","IQT03821","HomozygousHigh","undefined"
"F17","SG-IQT-738","IQT03822","HomozygousHigh","undefined"
"H17","SG-IQT-739","IQT03823","HomozygousHigh","undefined"
"J17","SG-IQT-740","IQT03824","HomozygousHigh","undefined"
"L17","SG-IQT-741","IQT03825","HomozygousHigh","undefined"
"N17","SG-IQT-742","IQT03826","HomozygousHigh","undefined"
"P17","SG-IQT-743","IQT03827","Heterozygous","undefined"
"B19","SG-IQT-744","IQT03828","HomozygousHigh","undefined"
"D19","SG-IQT-745","IQT03829","HomozygousHigh","undefined"
"F19","SG-IQT-746","IQT03830","HomozygousHigh","undefined"
"H19","SG-IQT-749","IQT03831","HomozygousHigh","undefined"
"J19","SG-IQT-750","IQT03832","HomozygousHigh","undefined"
"L19","SG-IQT-757","IQT03833","HomozygousHigh","undefined"
"N19","SG-IQT-764","IQT03834","HomozygousHigh","undefined"
"P19","SG-IQT-765","IQT03835","HomozygousHigh","undefined"
"B21","SG-IQT-766","IQT03836","HomozygousHigh","undefined"
"D21","SG-IQT-768","IQT03837","HomozygousHigh","undefined"
"F21","SG-IQT-769","IQT03838","HomozygousHigh","undefined"
"H21","SG-IQT-770","IQT03839","HomozygousHigh","undefined"
"J21","SG-IQT-771","IQT03840","HomozygousHigh","undefined"
"L21","SG-IQT-774","IQT03841","HomozygousHigh","undefined"
"N21","SG-IQT-775","IQT03842","HomozygousHigh","undefined"
"P21","SG-IQT-778","IQT03843","HomozygousHigh","undefined"
"B23","SG-IQT-779","IQT03844","HomozygousHigh","undefined"
"D23","SG-IQT-783","IQT03845","HomozygousHigh","undefined"
"F23","SG-IQT-784","IQT03846","HomozygousHigh","undefined"
"H23","SG-IQT-787","IQT03847","HomozygousHigh","undefined"
"J23","SG-IQT-788","IQT03848","HomozygousHigh","undefined"
"L23","SG-IQT-793","IQT03849","HomozygousHigh","undefined"
"N23","SG-IQT-795","IQT03850","HomozygousHigh","undefined"
"A02","PTB909","IQT07245","HomozygousLow","treatment"
"C02","PTB909","IQT07246","HomozygousLow","treatment"
"E02","PTB909","IQT07247","HomozygousLow","treatment"
"G02","???","IQT07248","Heterozygous","undefined"
"I02","PTB276","IQT07249","HomozygousLow","buffer"
"K02","PTB276","IQT07250","HomozygousLow","buffer"
"M02","PTB276","IQT07251","HomozygousLow","buffer"
"O02","PTB276","IQT07252","Heterozygous","buffer"
"A04","PTA720","IQT07253","Heterozygous","treatment"
"C04","SA209","IQT07254","HomozygousLow","other"
"E04","SA209","IQT07255","HomozygousLow","other"
"G04","PTA552","IQT07256","Heterozygous","buffer"
"I04","PTA552","IQT07257","HomozygousLow","buffer"
"K04","PTB913A","IQT07258","Heterozygous","treatment"
"M04","PTB913A","IQT07259","Heterozygous","treatment"
"O04","PTB039A","IQT07260","HomozygousLow","buffer"
"A06","PTB039A","IQT07261","Heterozygous","buffer"
"C06","PTB849","IQT07262","Heterozygous","treatment"
"E06","PTB849","IQT07263","HomozygousLow","treatment"
"G06","PTB849","IQT07264","HomozygousLow","treatment"
"I06","PTB849","IQT07265","Heterozygous","treatment"
"K06","PTB849","IQT07266","Heterozygous","treatment"
"M06","PTB849","IQT07267","HomozygousLow","treatment"
"O06","PTB849","IQT07268","HomozygousLow","treatment"
"A08","PTB849","IQT07269","HomozygousLow","treatment"
"C08","PTB849","IQT07270","Heterozygous","treatment"
"E08","PTB849","IQT07271","HomozygousLow","treatment"
"G08","PTB849","IQT07272","HomozygousLow","treatment"
"I08","PTB849","IQT07273","Heterozygous","treatment"
"K08","PTB849","IQT07274","HomozygousLow","treatment"
"M08","PTB849","IQT07275","Heterozygous","treatment"
"O08","PTB849","IQT07276","Heterozygous","treatment"
"A10","PTB849","IQT07277","Heterozygous","treatment"
"C10","PTB849","IQT07278","Heterozygous","treatment"
"E10","PTB849","IQT07279","HomozygousLow","treatment"
"G10","PTB849","IQT07280","HomozygousLow","treatment"
"I10","PTB849","IQT07281","Heterozygous","treatment"
"K10","PTB849","IQT07282","HomozygousLow","treatment"
"M10","PTB849","IQT07283","Heterozygous","treatment"
"O10","PTB849","IQT07284","HomozygousLow","treatment"
"A12","PTB849","IQT07285","HomozygousLow","treatment"
"C12","PTB849","IQT07286","HomozygousLow","treatment"
"E12","PTB849","IQT07287","Heterozygous","treatment"
"G12","PTB849","IQT07288","HomozygousLow","treatment"
"I12","PTB849","IQT07289","HomozygousLow","treatment"
"K12","PTB849","IQT07290","Heterozygous","treatment"
"M12","PTB849","IQT07291","Heterozygous","treatment"
"O12","PTB849","IQT07292","Heterozygous","treatment"
"A14","PTB849","IQT07293","Heterozygous","treatment"
"C14","PTB849","IQT07294","Heterozygous","treatment"
"E14","PTB849","IQT07295","Heterozygous","treatment"
"G14","PTB849","IQT07296","HomozygousLow","treatment"
"I14","PTB849","IQT07297","Heterozygous","treatment"
"K14","PTB702","IQT07298","HomozygousLow","treatment"
"M14","PTA611","IQT07299","HomozygousLow","treatment"
"O14","PTE137-139","IQT07300","Heterozygous","buffer"
"A16","???110A","IQT07301","HomozygousLow","undefined"
"C16","???110A","IQT07302","Heterozygous","undefined"
"E16","???110A","IQT07303","Heterozygous","undefined"
"G16","???110A","IQT07304","HomozygousLow","undefined"
"I16","???110A","IQT07305","HomozygousLow","undefined"
"K16","???110A","IQT07306","HomozygousLow","undefined"
"M16","???110A","IQT07307","Heterozygous","undefined"
"O16","???110A","IQT07308","HomozygousLow","undefined"
"A18","???110A","IQT07309","HomozygousLow","undefined"
"C18","PTB880B","IQT07310","HomozygousLow","undefined"
"E18","PTB880B","IQT07311","HomozygousLow","undefined"
"G18","SA244B","IQT07312","Heterozygous","other"
"I18","PTA444B","IQT07313","HomozygousLow","treatment"
"K18","PTA636","IQT07314","HomozygousLow","treatment"
"M18","SA338B","IQT07315","Heterozygous","other"
"O18","SA338B","IQT07316","Heterozygous","other"
"A20","PTA369","IQT07317","HomozygousLow","treatment"
"C20","SA639","IQT07318","HomozygousLow","other"
"E20","SA639","IQT07319","HomozygousLow","other"
"G20","SA639","IQT07320","Heterozygous","other"
"I20","SA639","IQT07321","HomozygousLow","other"
"K20","SA639","IQT07322","Heterozygous","other"
"M20","SA639","IQT07323","HomozygousLow","other"
"O20","PTA152","IQT07324","Heterozygous","treatment"
"A22","PTA152","IQT07325","Heterozygous","treatment"
"C22","PTB799","IQT07326","HomozygousLow","treatment"
"E22","MCF804","IQT07327","HomozygousHigh","other"
"G22","MCF807","IQT07328","HomozygousHigh","other"
"I22","MCF807","IQT07329","HomozygousHigh","other"
"K22","MCF744A","IQT07330","HomozygousHigh","other"
"M22","MYA023","IQT07331","HomozygousHigh","other"
"O22","MYA023","IQT07332","HomozygousHigh","other"
"A24","MYA023","IQT07333","HomozygousHigh","other"
"C24","MYA023","IQT07334","HomozygousHigh","other"
"E24","MYA023","IQT07335","HomozygousHigh","other"
"G24","MYA033","IQT07336","HomozygousHigh","other"
"I24","MYA021","IQT07337","HomozygousHigh","other"
"K24","MYC407","IQT07338","HomozygousHigh","other"
"M24","MYC865","IQT07339","HomozygousHigh","other"
"B02","SA202","IQT09240","Heterozygous","other"
"D02","SA202","IQT09241","Heterozygous","other"
"F02","SA202","IQT09242","HomozygousLow","other"
"H02","SA202","IQT09243","HomozygousLow","other"
"J02","SA202","IQT09244","HomozygousLow","other"
"L02","SA202","IQT09245","HomozygousHigh","other"
"N02","SA202","IQT09246","Heterozygous","other"
"P02","SA202","IQT09247","Heterozygous","other"
"B04","SA202","IQT09248","HomozygousLow","other"
"D04","SA202","IQT09249","HomozygousLow","other"
"F04","SA202","IQT09250","Heterozygous","other"
"H04","SA202","IQT09251","HomozygousHigh","other"
"J04","SA202","IQT09252","Heterozygous","other"
"L04","SA202","IQT09253","HomozygousHigh","other"
"N04","SA202","IQT09254","Heterozygous","other"
"P04","SA202","IQT09255","Heterozygous","other"
"B06","SA202","IQT09256","HomozygousLow","other"
"D06","SA202","IQT09257","HomozygousLow","other"
"F06","SA202","IQT09258","HomozygousLow","other"
"H06","SA202","IQT09259","Heterozygous","other"
"J06","SA202","IQT09260","Heterozygous","other"
"L06","SA202","IQT09261","HomozygousHigh","other"
"N06","SA202","IQT09262","HomozygousLow","other"
"P06","SA202","IQT09263","Heterozygous","other"
"B08","SA202","IQT09264","Heterozygous","other"
"D08","SA202","IQT09265","HomozygousHigh","other"
"F08","SA202","IQT09266","HomozygousLow","other"
"H08","SA202","IQT09267","HomozygousLow","other"
"J08","SA202","IQT09268","Heterozygous","other"
"L08","SA202","IQT09269","Heterozygous","other"
"N08","PTA025","IQT09270","Heterozygous","buffer"
"P08","PTA025","IQT09271","Heterozygous","buffer"
"B10","PTA025","IQT09272","HomozygousLow","buffer"
"D10","PTB648","IQT09273","HomozygousLow","buffer"
"F10","PTB648","IQT09274","Heterozygous","buffer"
"H10","PTB648","IQT09275","Heterozygous","buffer"
"J10","PTA113A","IQT09276","HomozygousLow","buffer"
"L10","PTD225","IQT09277","HomozygousLow","other"
"N10","PTB406","IQT09278","Heterozygous","buffer"
"P10","PTA114","IQT09279","Heterozygous","buffer"
"B12","PTD134B","IQT09280","HomozygousLow","other"
"D12","PTA139","IQT09281","HomozygousLow","treatment"
"F12","PTB220-221","IQT09282","HomozygousLow","other"
"H12","PTB220-221","IQT09283","HomozygousLow","other"
"J12","PTD227","IQT09284","HomozygousLow","other"
"L12","PTA073","IQT09285","Heterozygous","treatment"
"N12","PTA034","IQT09286","Heterozygous","buffer"
"P12","PTA172A","IQT09287","Heterozygous","treatment"
"B14","PTB177","IQT09288","HomozygousLow","other"
"D14","PTA055","IQT09289","Heterozygous","buffer"
"F14","PTD136","IQT09290","HomozygousLow","other"
"H14","PTD136","IQT09291","HomozygousLow","other"
"J14","PTB191","IQT09292","HomozygousLow","other"
"L14","PTD205","IQT09293","Heterozygous","other"
"N14","PTD128","IQT09294","Heterozygous","other"
"P14","PTB176","IQT09295","HomozygousLow","other"
"B16","PTB176","IQT09296","Heterozygous","other"
"D16","PTB176","IQT09297","Heterozygous","other"
"F16","PTB176","IQT09298","Heterozygous","other"
"H16","PTB459","IQT09299","Error:MissingWellID","other"
"J16","PTB223A","IQT09300","Heterozygous","other"
"L16","PTA213A","IQT09301","HomozygousLow","treatment"
"N16","PTA213A","IQT09302","Heterozygous","treatment"
"P16","PTB498B","IQT09303","HomozygousLow","other"
"B18","PTB498B","IQT09304","Heterozygous","other"
"D18","PTB439B","IQT09305","HomozygousLow","other"
"F18","PTB439B","IQT09306","Heterozygous","other"
"H18","PTB439B","IQT09307","Heterozygous","other"
"J18","PTB439B","IQT09308","HomozygousLow","other"
"L18","PTB439B","IQT09309","HomozygousHigh","other"
"N18","PTB439B","IQT09310","HomozygousLow","other"
"P18","PTA025","IQT09311","HomozygousLow","buffer"
"B20","PTA025","IQT09312","Heterozygous","buffer"
"D20","PTA025","IQT09313","Heterozygous","buffer"
"F20","PTB439B","IQT09314","HomozygousLow","other"
"H20","PTB439B","IQT09315","Heterozygous","other"
"J20","PTB511","IQT09316","Heterozygous","other"
"L20","PTB511","IQT09317","Heterozygous","other"
"N20","PTB486A","IQT09318","HomozygousLow","other"
"P20","PTA166","IQT09319","Heterozygous","treatment"
"B22","PTA111B","IQT09320","Heterozygous","buffer"
"D22","PTA965B","IQT09321","HomozygousLow","buffer"
"F22","PTA163","IQT09322","HomozygousLow","treatment"
"H22","PTA163","IQT09323","Heterozygous","treatment"
"J22","PTA025","IQT09324","HomozygousLow","buffer"
"L22","PTB470","IQT09325","Heterozygous","other"
"N22","PTB470","IQT09326","Heterozygous","other"
"P22","PTA133","IQT09327","Heterozygous","treatment"
"B24","PTA144","IQT09328","HomozygousHigh","treatment"
"D24","PTA003","IQT09329","HomozygousLow","buffer"
"F24","PTA003","IQT09330","Heterozygous","buffer"
"H24","PTA073","IQT09331","Heterozygous","treatment"
"J24","PTB263","IQT09332","HomozygousHigh","undefined"
"L24","PTA964C","IQT09333","Heterozygous","buffer"
"N24","PTA016","IQT09334","Heterozygous","buffer"
"A01","NAA066","IQT08670","HomozygousHigh","undefined"
"C01","NAA066","IQT08671","HomozygousHigh","undefined"
"E01","NAA066","IQT08672","HomozygousHigh","undefined"
"G01","NAA066","IQT08673","HomozygousHigh","undefined"
"I01","NAA066","IQT08674","HomozygousHigh","undefined"
"K01","NAA066","IQT08675","HomozygousHigh","undefined"
"M01","NAA066","IQT08676","HomozygousHigh","undefined"
"O01","NAA066","IQT08677","HomozygousHigh","undefined"
"A03","NAA066","IQT08678","HomozygousHigh","undefined"
"C03","NAA066","IQT08679","HomozygousHigh","undefined"
"E03","NAA066","IQT08680","HomozygousHigh","undefined"
"G03","NAA066","IQT08681","HomozygousHigh","undefined"
"I03","NAA066","IQT08682","HomozygousHigh","undefined"
"K03","NAA066","IQT08683","HomozygousHigh","undefined"
"M03","NAA066","IQT08684","HomozygousHigh","undefined"
"O03","NAA066","IQT08685","HomozygousHigh","undefined"
"A05","NAA066","IQT08686","HomozygousHigh","undefined"
"C05","NAA066","IQT08687","HomozygousHigh","undefined"
"E05","NAA066","IQT08688","HomozygousHigh","undefined"
"G05","NAA066","IQT08689","HomozygousHigh","undefined"
"I05","NAA066","IQT08690","HomozygousHigh","undefined"
"K05","NAA066","IQT08691","HomozygousHigh","undefined"
"M05","NAA066","IQT08692","HomozygousHigh","undefined"
"O05","NAA066","IQT08693","HomozygousHigh","undefined"
"A07","NAA066","IQT08694","HomozygousHigh","undefined"
"C07","NAA066","IQT08695","HomozygousHigh","undefined"
"E07","NAA066","IQT08696","HomozygousHigh","undefined"
"G07","NAA066","IQT08697","HomozygousHigh","undefined"
"I07","NAA066","IQT08698","HomozygousHigh","undefined"
"K07","NAA066","IQT08699","HomozygousHigh","undefined"
"M07","NAA066","IQT08700","HomozygousHigh","undefined"
"O07","NAA066","IQT08701","HomozygousHigh","undefined"
"A09","NAA066","IQT08702","HomozygousHigh","undefined"
"C09","NAA066","IQT08703","HomozygousHigh","undefined"
"E09","NAA066","IQT08704","HomozygousHigh","undefined"
"G09","NAA066","IQT08705","HomozygousHigh","undefined"
"I09","NAA066","IQT08706","HomozygousHigh","undefined"
"K09","NAA066","IQT08707","HomozygousHigh","undefined"
"M09","NAA066","IQT08708","HomozygousHigh","undefined"
"O09","NAA066","IQT08709","Heterozygous","undefined"
"A11","NAA066","IQT08710","HomozygousHigh","undefined"
"C11","NAA086","IQT08711","HomozygousHigh","undefined"
"E11","NAA086","IQT08712","HomozygousHigh","undefined"
"G11","NAA086","IQT08713","HomozygousHigh","undefined"
"I11","NAA086","IQT08714","HomozygousHigh","undefined"
"K11","NAA086","IQT08715","HomozygousHigh","undefined"
"M11","NAA086","IQT08716","HomozygousHigh","undefined"
"O11","NAA086","IQT08717","Heterozygous","undefined"
"A13","NAA086","IQT08718","HomozygousHigh","undefined"
"C13","NAA086","IQT08719","HomozygousHigh","undefined"
"E13","NAA086","IQT08720","HomozygousHigh","undefined"
"G13","NAA086","IQT08721","HomozygousHigh","undefined"
"I13","NAA086","IQT08722","HomozygousHigh","undefined"
"K13","NAA086","IQT08723","HomozygousHigh","undefined"
"M13","NAA086","IQT08724","HomozygousHigh","undefined"
"O13","NAA086","IQT08725","HomozygousHigh","undefined"
"A15","NAA086","IQT08726","HomozygousHigh","undefined"
"C15","NAA086","IQT08727","HomozygousHigh","undefined"
"E15","NAA086","IQT08728","HomozygousHigh","undefined"
"G15","NAA086","IQT08729","HomozygousHigh","undefined"
"I15","NAA086","IQT08730","HomozygousHigh","undefined"
"K15","NAA086","IQT08731","HomozygousHigh","undefined"
"M15","NAA086","IQT08732","HomozygousHigh","undefined"
"O15","NAA086","IQT08733","HomozygousHigh","undefined"
"A17","NAA086","IQT08734","HomozygousHigh","undefined"
"C17","NAA086","IQT08735","HomozygousHigh","undefined"
"E17","NAA086","IQT08736","HomozygousHigh","undefined"
"G17","NAA086","IQT08737","HomozygousHigh","undefined"
"I17","NAA086","IQT08738","HomozygousHigh","undefined"
"K17","NAA086","IQT08739","HomozygousHigh","undefined"
"M17","NAA086","IQT08740","HomozygousHigh","undefined"
"O17","NAA086","IQT08741","HomozygousHigh","undefined"
"A19","NAA086","IQT08742","HomozygousHigh","undefined"
"C19","NAA086","IQT08743","HomozygousHigh","undefined"
"E19","NAA086","IQT08744","HomozygousHigh","undefined"
"G19","NAA086","IQT08745","HomozygousHigh","undefined"
"I19","NAA086","IQT08746","HomozygousHigh","undefined"
"K19","NAA086","IQT08747","HomozygousHigh","undefined"
"M19","NAA086","IQT08748","HomozygousHigh","undefined"
"O19","NAA086","IQT08749","HomozygousHigh","undefined"
"A21","NAA086","IQT08750","HomozygousHigh","undefined"
"C21","MY071","IQT08751","HomozygousHigh","other"
"E21","MY071","IQT08752","HomozygousHigh","other"
"G21","MY071","IQT08753","HomozygousHigh","other"
"I21","MY071","IQT08754","HomozygousHigh","other"
"K21","MY071","IQT08755","Heterozygous","other"
"M21","MY071","IQT08756","HomozygousHigh","other"
"O21","MY071","IQT08757","HomozygousHigh","other"
"A23","MY156","IQT08758","HomozygousHigh","other"
"C23","MY156","IQT08759","HomozygousHigh","other"
"E23","MY156","IQT08760","HomozygousHigh","other"
"G23","MY156","IQT08761","HomozygousHigh","other"
"I23","MY156","IQT08762","HomozygousHigh","other"
"K23","MC?754","IQT08763","HomozygousHigh","undefined"
"M23","NAB003","IQT08764","HomozygousHigh","undefined"
"B01","SCA825","IQT10095","HomozygousHigh","undefined"
"D01","SA402B","IQT10096","HomozygousHigh","other"
"F01","SCC680","IQT10097","HomozygousHigh","undefined"
"H01","MYC447","IQT10098","HomozygousHigh","other"
"J01","SCB059P","IQT10099","HomozygousHigh","undefined"
"L01","SCA494","IQT10100","HomozygousHigh","undefined"
"N01","B6D929","IQT10101","Heterozygous","undefined"
"P01","B6D929","IQT10102","HomozygousHigh","undefined"
"B03","MCB197","IQT10103","HomozygousHigh","other"
"D03","MY443B","IQT10104","HomozygousHigh","other"
"F03","NAB049","IQT10105","HomozygousHigh","undefined"
"H03","PUD470","IQT10106","Heterozygous","other"
"J03","MYC435","IQT10107","HomozygousLow","other"
"L03","MCE194","IQT10108","HomozygousHigh","other"
"N03","MCE194","IQT10109","HomozygousHigh","other"
"P03","SAB048","IQT10110","HomozygousHigh","other"
"B05","MYC599","IQT10111","HomozygousHigh","other"
"D05","MY027A","IQT10112","Heterozygous","other"
"F05","MY027A","IQT10113","HomozygousHigh","other"
"H05","MY027A","IQT10114","HomozygousHigh","other"
"J05","LMD044","IQT10115","HomozygousHigh","undefined"
"L05","MYC809","IQT10116","HomozygousHigh","other"
"N05","MYC809","IQT10117","HomozygousHigh","other"
"P05","MY079P","IQT10118","Heterozygous","undefined"
"B07","MY079P","IQT10119","Heterozygous","undefined"
"D07","SCC059","IQT10120","HomozygousHigh","undefined"
"F07","SCA594","IQT10121","HomozygousHigh","undefined"
"H07","MYC821","IQT10122","HomozygousHigh","other"
"J07","PUD289","IQT10123","HomozygousHigh","other"
"L07","PTC253","IQT10124","HomozygousHigh","other"
"N07","SCB045","IQT10125","HomozygousHigh","undefined"
"P07","SCB025","IQT10126","HomozygousHigh","undefined"
"B09","MYC828B","IQT10127","HomozygousHigh","other"
"D09","B6D459B","IQT10128","Heterozygous","undefined"
"F09","MY206A","IQT10129","HomozygousHigh","other"
"H09","MYC870","IQT10130","HomozygousHigh","other"
"J09","SCB022","IQT10131","HomozygousHigh","undefined"
"L09","SCC594","IQT10132","HomozygousHigh","undefined"
"N09","SCC092","IQT10133","HomozygousHigh","undefined"
"P09","SCD409","IQT10134","HomozygousHigh","undefined"
"B11","SCD409","IQT10135","HomozygousHigh","undefined"
"D11","SCD409","IQT10136","HomozygousHigh","undefined"
"F11","MY102","IQT10137","HomozygousLow","other"
"H11","MCB246","IQT10138","Heterozygous","other"
"J11","MCB246","IQT10139","HomozygousHigh","other"
"L11","MCB246","IQT10140","Heterozygous","other"
"N11","MCB246","IQT10141","HomozygousHigh","other"
"P11","SCC501","IQT10142","HomozygousHigh","undefined"
"B13","SCC501","IQT10143","HomozygousHigh","undefined"
"D13","SCC501","IQT10144","HomozygousHigh","undefined"
"F13","SCC295P","IQT10145","HomozygousHigh","undefined"
"H13","SCA628","IQT10146","HomozygousHigh","undefined"
"J13","SCA628","IQT10147","HomozygousHigh","undefined"
"L13","PUD455B","IQT10148","HomozygousHigh","other"
"N13","MYC729B1","IQT10149","Heterozygous","other"
"P13","PUD180","IQT10150","HomozygousHigh","other"
"B15","PUD180","IQT10151","HomozygousHigh","other"
"D15","PUD180","IQT10152","HomozygousHigh","other"
"F15","MYC970","IQT10153","HomozygousHigh","undefined"
"H15","MYC970","IQT10154","HomozygousHigh","undefined"
"J15","NAA078","IQT10155","HomozygousHigh","undefined"
"L15","NAA008","IQT10156","HomozygousHigh","undefined"
"N15","NAA008","IQT10157","HomozygousHigh","undefined"
"P15","NAA008","IQT10158","HomozygousHigh","undefined"
"B17","SCB899","IQT10159","HomozygousHigh","undefined"
"D17","SCB899","IQT10160","HomozygousHigh","undefined"
"F17","MYC458","IQT10161","HomozygousHigh","other"
"H17","MCB289","IQT10162","HomozygousHigh","other"
"J17","MYC999A","IQT10163","HomozygousHigh","undefined"
"L17","SCA996","IQT10164","HomozygousHigh","undefined"
"N17","SCC990","IQT10165","HomozygousHigh","undefined"
"P17","SCC990","IQT10166","HomozygousHigh","undefined"
"B19","MYC850","IQT10167","HomozygousLow","other"
"D19","SCA429","IQT10168","HomozygousHigh","undefined"
"F19","SCA429","IQT10169","HomozygousHigh","undefined"
"H19","B6E755","IQT10170","HomozygousHigh","undefined"
"J19","B6E183","IQT10171","Heterozygous","undefined"
"L19","SCC999","IQT10172","HomozygousHigh","undefined"
"N19","SCC999","IQT10173","HomozygousHigh","undefined"
"P19","GPB691","IQT10174","HomozygousHigh","undefined"
"B21","MCB252","IQT10175","HomozygousHigh","other"
"D21","MCB252","IQT10176","HomozygousHigh","other"
"F21","SCC599","IQT10177","HomozygousHigh","undefined"
"H21","SCC599","IQT10178","HomozygousHigh","undefined"
"J21","SCC599","IQT10179","HomozygousHigh","undefined"
"L21","MY120BP","IQT10180","HomozygousHigh","other"
"N21","MYC426","IQT10181","HomozygousHigh","other"
"P21","B6D539","IQT10182","HomozygousHigh","undefined"
"B23","B6D539","IQT10183","HomozygousHigh","undefined"
"D23","B6D539","IQT10184","HomozygousHigh","undefined"
"F23","B6D539","IQT10185","HomozygousHigh","undefined"
"H23","B6D539","IQT10186","Heterozygous","undefined"
"J23","B6D247","IQT10187","Heterozygous","undefined"
"L23","B6D247","IQT10188","HomozygousHigh","undefined"
"N23","B6D247","IQT10189","HomozygousHigh","undefined"
"A02","MYC 284B","IQT12470","HomozygousLow","undefined"
"C02","MYC 284B","IQT12471","HomozygousLow","undefined"
"E02","MYC 284B","IQT12472","HomozygousLow","undefined"
"G02","MYC 284B","IQT12473","HomozygousLow","undefined"
"I02","MYC 284B","IQT12474","HomozygousLow","undefined"
"K02","MYC 284B","IQT12475","Heterozygous","undefined"
"M02","TA 324","IQT12476","HomozygousHigh","undefined"
"O02","TA 324","IQT12477","HomozygousHigh","undefined"
"A04","TA 324","IQT12478","HomozygousHigh","undefined"
"C04","MY 208G","IQT12479","HomozygousHigh","undefined"
"E04","MY 208G","IQT12480","Heterozygous","undefined"
"G04","MYC 439","IQT12481","Heterozygous","undefined"
"I04","MYC 439","IQT12482","HomozygousLow","undefined"
"K04","MYC 439","IQT12483","Heterozygous","undefined"
"M04","MY 430","IQT12484","HomozygousHigh","undefined"
"O04","MY 430","IQT12485","HomozygousHigh","undefined"
"A06","MY 430","IQT12486","HomozygousHigh","undefined"
"C06","MY 430","IQT12487","Heterozygous","undefined"
"E06","MY 430","IQT12488","Heterozygous","undefined"
"G06","MYC 144","IQT12489","HomozygousLow","undefined"
"I06","MYC 144","IQT12490","Heterozygous","undefined"
"K06","MYC 144","IQT12491","Heterozygous","undefined"
"M06","MYC 144","IQT12492","Heterozygous","undefined"
"O06","MYC 144","IQT12493","HomozygousHigh","undefined"
"A08","MYC 144","IQT12494","Heterozygous","undefined"
"C08","MYC 144","IQT12495","HomozygousHigh","undefined"
"E08","MYC 144","IQT12496","Heterozygous","undefined"
"G08","MYC 144","IQT12497","Heterozygous","undefined"
"I08","MYC 144","IQT12498","Heterozygous","undefined"
"K08","MYC 144","IQT12499","HomozygousLow","undefined"
"M08","TA 007","IQT12500","Heterozygous","undefined"
"O08","LC 762","IQT12501","HomozygousLow","undefined"
"A10","TA 564","IQT12502","Heterozygous","undefined"
"C10","MY 442D","IQT12503","HomozygousHigh","undefined"
"E10","MY 442D","IQT12504","Heterozygous","undefined"
"G10","MY 442D","IQT12505","HomozygousHigh","undefined"
"I10","IQ 164B","IQT12506","HomozygousHigh","undefined"
"K10","IQ 164B","IQT12507","HomozygousHigh","undefined"
"M10","IQ 164B","IQT12508","Heterozygous","undefined"
"O10","SA 477","IQT12509","Heterozygous","undefined"
"A12","LMD 33","IQT12510","Heterozygous","undefined"
"C12","SAB 281B","IQT12511","HomozygousHigh","undefined"
"E12","MY 119","IQT12512","HomozygousLow","undefined"
"G12","MY 156","IQT12513","Heterozygous","undefined"
"I12","MY 499","IQT12514","HomozygousLow","undefined"
"K12","MY 449AI?","IQT12515","HomozygousHigh","undefined"
"M12","TA 546B","IQT12516","Heterozygous","undefined"
"O12","MY 199","IQT12517","HomozygousHigh","undefined"
"A14","SA 461","IQT12518","Heterozygous","undefined"
"C14","MYC 907B ","IQT12519","Heterozygous","undefined"
"E14","MYC 907B ","IQT12520","Heterozygous","undefined"
"G14","MYC 907B ","IQT12521","Heterozygous","undefined"
"I14","SAB 289","IQT12522","HomozygousLow","undefined"
"K14","LC 752","IQT12523","Heterozygous","undefined"
"M14","LC 752","IQT12524","Heterozygous","undefined"
"O14","LC 752","IQT12525","Heterozygous","undefined"
"A16","SA 663","IQT12526","Heterozygous","undefined"
"C16","SA 663","IQT12527","Heterozygous","undefined"
"E16","SAB 305A","IQT12528","Heterozygous","undefined"
"G16","MY 78","IQT12529","Heterozygous","undefined"
"I16","MYC 501B","IQT12530","HomozygousLow","undefined"
"K16","MYC 290","IQT12531","HomozygousLow","undefined"
"M16","MY 002","IQT12532","HomozygousLow","undefined"
"O16","SAB 007","IQT12533","HomozygousHigh","undefined"
"A18","SAA 223","IQT12534","HomozygousLow","undefined"
"C18","TA 598A","IQT12535","HomozygousLow","undefined"
"E18","SA 366","IQT12536","HomozygousHigh","undefined"
"G18","TAF 450","IQT12537","HomozygousHigh","undefined"
"I18","MYC 770","IQT12538","Heterozygous","undefined"
"K18","MY 109","IQT12539","HomozygousLow","undefined"
"M18","MY 96","IQT12540","HomozygousLow","undefined"
"O18","MY 96","IQT12541","HomozygousLow","undefined"
"A20","MY 96","IQT12542","HomozygousLow","undefined"
"C20","MY 96","IQT12543","HomozygousLow","undefined"
"E20","MY 96","IQT12544","HomozygousLow","undefined"
"G20","MY 96","IQT12545","HomozygousHigh","undefined"
"I20","TH 17","IQT12546","Heterozygous","undefined"
"K20","SA 501","IQT12547","Heterozygous","undefined"
"M20","SA 681","IQT12548","HomozygousHigh","undefined"
"O20","PUD 285","IQT12549","Heterozygous","undefined"
"A22","SAB 33A","IQT12550","HomozygousLow","undefined"
"C22","MY 219","IQT12551","Heterozygous","undefined"
"E22","MY 436A","IQT12552","HomozygousHigh","undefined"
"G22","MY 436A","IQT12553","HomozygousHigh","undefined"
"I22","TA 478","IQT12554","Heterozygous","undefined"
"K22","SA 619","IQT12555","Heterozygous","undefined"
"M22","MY 146","IQT12556","HomozygousHigh","undefined"
"O22","MY 146","IQT12557","Heterozygous","undefined"
"A24","MY 146","IQT12558","Heterozygous","undefined"
"C24","MYC 829","IQT12559","Heterozygous","undefined"
"E24","MY 148","IQT12560","HomozygousHigh","undefined"
"G24","PUE 308","IQT12561","HomozygousHigh","undefined"
"I24","MY 278B1","IQT12562","HomozygousLow","undefined"
"K24","MYC 270","IQT12563","HomozygousLow","undefined"
"M24","SAH 295","IQT12564","HomozygousLow","undefined"
"B02","MC???","IQT08100","HomozygousHigh","undefined"
"D02","MCF122","IQT08101","HomozygousLow","buffer"
"F02","MCF122","IQT08102","HomozygousLow","buffer"
"H02","MC459","IQT08103","HomozygousHigh","other"
"J02","MCF139","IQT08104","HomozygousLow","buffer"
"L02","MCF024B","IQT08105","HomozygousLow","buffer"
"N02","MCF090","IQT08106","HomozygousHigh","treatment"
"P02","MCF069","IQT08107","Heterozygous","treatment"
"B04","MCF391","IQT08108","HomozygousLow","other"
"D04","MC187","IQT08109","Heterozygous","treatment"
"F04","MC371B","IQT08110","HomozygousHigh","buffer"
"H04","MCE318","IQT08111","HomozygousHigh","buffer"
"J04","MC556","IQT08112","HomozygousHigh","other"
"L04","MC556","IQT08113","Heterozygous","other"
"N04","MCG011","IQT08114","Heterozygous","buffer"
"P04","MCF100","IQT08115","HomozygousHigh","buffer"
"B06","MC406","IQT08116","Heterozygous","buffer"
"D06","MCG212","IQT08117","Heterozygous","undefined"
"F06","MCF144","IQT08118","HomozygousLow","buffer"
"H06","MCF144","IQT08119","Heterozygous","buffer"
"J06","MCF144","IQT08120","HomozygousLow","buffer"
"L06","MCF144","IQT08121","HomozygousLow","buffer"
"N06","MCF144","IQT08122","HomozygousLow","buffer"
"P06","MCF144","IQT08123","HomozygousHigh","buffer"
"B08","MC203A","IQT08124","Heterozygous","treatment"
"D08","MCE053","IQT08125","Heterozygous","other"
"F08","MCG071","IQT08126","Heterozygous","buffer"
"H08","MCG071","IQT08127","Heterozygous","buffer"
"J08","MCG332","IQT08128","HomozygousLow","treatment"
"L08","MCG002","IQT08129","HomozygousHigh","buffer"
"N08","MCF147","IQT08130","Heterozygous","buffer"
"P08","MCF147","IQT08131","HomozygousLow","buffer"
"B10","MC207A","IQT08132","HomozygousHigh","treatment"
"D10","MC207A","IQT08133","HomozygousHigh","treatment"
"F10","MC207A","IQT08134","HomozygousHigh","treatment"
"H10","MCG332","IQT08135","HomozygousLow","treatment"
"J10","MCG332","IQT08136","HomozygousHigh","treatment"
"L10","MC404","IQT08137","Heterozygous","buffer"
"N10","MC329B","IQT08138","Heterozygous","treatment"
"P10","MC329B","IQT08139","HomozygousHigh","treatment"
"B12","MC008","IQT08140","HomozygousHigh","buffer"
"D12","MC399","IQT08141","HomozygousHigh","buffer"
"F12","MC037B","IQT08142","Heterozygous","buffer"
"H12","MC129","IQT08143","Heterozygous","buffer"
"J12","MC088","IQT08144","Heterozygous","buffer"
"L12","MCE273A","IQT08145","HomozygousLow","buffer"
"N12","MC3??","IQT08146","HomozygousHigh","undefined"
"P12","MCF376","IQT08147","Heterozygous","buffer"
"B14","MCG046","IQT08148","Heterozygous","buffer"
"D14","MCG367","IQT08149","Heterozygous","treatment"
"F14","MCF037","IQT08150","HomozygousLow","buffer"
"H14","MCG358","IQT08151","HomozygousHigh","treatment"
"J14","MCF077","IQT08152","HomozygousLow","treatment"
"L14","MCE278","IQT08153","HomozygousLow","buffer"
"N14","MCE278","IQT08154","HomozygousLow","buffer"
"P14","MCE278","IQT08155","HomozygousHigh","buffer"
"B16","MC264","IQT08156","HomozygousLow","treatment"
"D16","MC264","IQT08157","HomozygousLow","treatment"
"F16","MC264","IQT08158","HomozygousLow","treatment"
"H16","MC202","IQT08159","Heterozygous","treatment"
"J16","MCG010","IQT08160","Heterozygous","buffer"
"L16","MCG010","IQT08161","HomozygousHigh","buffer"
"N16","MC271","IQT08162","Heterozygous","treatment"
"P16","MC042","IQT08163","Heterozygous","buffer"
"B18","MC355","IQT08164","HomozygousLow","buffer"
"D18","MC355","IQT08165","HomozygousLow","buffer"
"F18","MCD068A","IQT08166","Heterozygous","buffer"
"H18","MCF370","IQT08167","HomozygousHigh","buffer"
"J18","MCF370","IQT08168","HomozygousHigh","buffer"
"L18","MCG042","IQT08169","Heterozygous","buffer"
"N18","MCG042","IQT08170","Heterozygous","buffer"
"P18","MCG347","IQT08171","HomozygousHigh","treatment"
"B20","MC165","IQT08172","Heterozygous","treatment"
"D20","MC390","IQT08173","Heterozygous","buffer"
"F20","MCF084","IQT08174","Heterozygous","treatment"
"H20","MC398A","IQT08175","HomozygousLow","undefined"
"J20","MCE240","IQT08176","HomozygousLow","treatment"
"L20","MCF157","IQT08177","Heterozygous","buffer"
"N20","MC032","IQT08178","Heterozygous","buffer"
"P20","MCG026","IQT08179","Heterozygous","buffer"
"B22","MCG026","IQT08180","Heterozygous","buffer"
"D22","MCG026","IQT08181","Heterozygous","buffer"
"F22","MCG026","IQT08182","HomozygousHigh","buffer"
"H22","MCE250","IQT08183","HomozygousLow","treatment"
"J22","MCD106A","IQT08184","HomozygousLow","buffer"
"L22","MCD106A","IQT08185","HomozygousHigh","buffer"
"N22","MC338A","IQT08186","Heterozygous","buffer"
"P22","MCD086","IQT08187","HomozygousLow","buffer"
"B24","MC101","IQT08188","Heterozygous","buffer"
"D24","MC189","IQT08189","HomozygousLow","treatment"
"F24","MCF153","IQT08190","Heterozygous","buffer"
"H24","MC329A","IQT08191","Heterozygous","treatment"
"J24","MC200","IQT08192","HomozygousLow","treatment"
"L24","MC210-28","IQT08193","HomozygousHigh","treatment"
"N24","MC441","IQT08194","Heterozygous","buffer"
"A01","TAB300","IQT07435","HomozygousHigh","other"
"C01","TAB300","IQT07436","HomozygousHigh","other"
"E01","TAB300","IQT07437","HomozygousHigh","other"
"G01","TAB300","IQT07438","HomozygousHigh","other"
"I01","TAB300","IQT07439","HomozygousHigh","other"
"K01","TAB300","IQT07440","HomozygousHigh","other"
"M01","TAB300","IQT07441","HomozygousHigh","other"
"O01","TAB300","IQT07442","HomozygousHigh","other"
"A03","TAB300","IQT07443","HomozygousHigh","other"
"C03","TAB300","IQT07444","HomozygousHigh","other"
"E03","TAB300","IQT07445","HomozygousHigh","other"
"G03","TAB300","IQT07446","HomozygousHigh","other"
"I03","TAB300","IQT07447","HomozygousHigh","other"
"K03","TAB300","IQT07448","HomozygousHigh","other"
"M03","TAB300","IQT07449","HomozygousHigh","other"
"O03","TAB300","IQT07450","HomozygousHigh","other"
"A05","TAB300","IQT07451","HomozygousHigh","other"
"C05","TAB300","IQT07452","HomozygousHigh","other"
"E05","TAB300","IQT07453","HomozygousHigh","other"
"G05","TAB300","IQT07454","HomozygousHigh","other"
"I05","TAB300","IQT07455","HomozygousHigh","other"
"K05","TAB300","IQT07456","HomozygousHigh","other"
"M05","TAB300","IQT07457","HomozygousHigh","other"
"O05","TAB300","IQT07458","HomozygousHigh","other"
"A07","TAB300","IQT07459","HomozygousHigh","other"
"C07","TAB300","IQT07460","HomozygousHigh","other"
"E07","TAB300","IQT07461","HomozygousHigh","other"
"G07","TAB300","IQT07462","HomozygousHigh","other"
"I07","TAB300","IQT07463","HomozygousHigh","other"
"K07","TAB300","IQT07464","HomozygousHigh","other"
"M07","TAB300","IQT07465","HomozygousHigh","other"
"O07","TAB300","IQT07466","HomozygousHigh","other"
"A09","TAB300","IQT07467","HomozygousHigh","other"
"C09","TAB300","IQT07468","HomozygousHigh","other"
"E09","TAB300","IQT07469","HomozygousHigh","other"
"G09","TAB300","IQT07470","HomozygousHigh","other"
"I09","TAB300","IQT07471","HomozygousHigh","other"
"K09","TAB300","IQT07472","HomozygousHigh","other"
"M09","TAB300","IQT07473","HomozygousHigh","other"
"O09","TAB300","IQT07474","HomozygousHigh","other"
"A11","TAB300","IQT07475","HomozygousHigh","other"
"C11","TAB300","IQT07476","HomozygousHigh","other"
"E11","TAB300","IQT07477","HomozygousHigh","other"
"G11","TAB300","IQT07478","HomozygousHigh","other"
"I11","TAB300","IQT07479","HomozygousHigh","other"
"K11","TAB300","IQT07480","HomozygousHigh","other"
"M11","TAB300","IQT07481","HomozygousHigh","other"
"O11","TAB300","IQT07482","HomozygousHigh","other"
"A13","TAB300","IQT07483","HomozygousHigh","other"
"C13","TAB300","IQT07484","HomozygousHigh","other"
"E13","TAB300","IQT07485","HomozygousHigh","other"
"G13","TAB300","IQT07486","HomozygousHigh","other"
"I13","TAB300","IQT07487","HomozygousHigh","other"
"K13","TAB300","IQT07488","HomozygousHigh","other"
"M13","TAB300","IQT07489","HomozygousHigh","other"
"O13","TAB300","IQT07490","HomozygousHigh","other"
"A15","TAB300","IQT07491","HomozygousHigh","other"
"C15","TAB300","IQT07492","HomozygousHigh","other"
"E15","TAB300","IQT07493","HomozygousHigh","other"
"G15","TAB300","IQT07494","HomozygousHigh","other"
"I15","TAB300","IQT07495","HomozygousHigh","other"
"K15","TAB300","IQT07496","HomozygousHigh","other"
"M15","TAB300","IQT07497","HomozygousHigh","other"
"O15","TAB300","IQT07498","HomozygousHigh","other"
"A17","TAB300","IQT07499","HomozygousHigh","other"
"C17","TAB300","IQT07500","HomozygousHigh","other"
"E17","TAB300","IQT07501","HomozygousHigh","other"
"G17","TAB300","IQT07502","HomozygousHigh","other"
"I17","TAB300","IQT07503","HomozygousHigh","other"
"K17","TAB300","IQT07504","HomozygousHigh","other"
"M17","TAB300","IQT07505","HomozygousHigh","other"
"O17","TAB300","IQT07506","HomozygousHigh","other"
"A19","TAB300","IQT07507","HomozygousHigh","other"
"C19","TAB300","IQT07508","HomozygousHigh","other"
"E19","TAB300","IQT07509","HomozygousHigh","other"
"G19","TAB300","IQT07510","HomozygousHigh","other"
"I19","TAB300","IQT07511","HomozygousHigh","other"
"K19","TAB300","IQT07512","HomozygousHigh","other"
"M19","TAB300","IQT07513","HomozygousHigh","other"
"O19","TAB300","IQT07514","HomozygousHigh","other"
"A21","TAB300","IQT07515","HomozygousHigh","other"
"C21","MC607","IQT07516","HomozygousHigh","other"
"E21","MC607","IQT07517","HomozygousHigh","other"
"G21","MC607","IQT07518","HomozygousHigh","other"
"I21","MC607","IQT07519","HomozygousHigh","other"
"K21","MC607","IQT07520","HomozygousHigh","other"
"M21","MC607","IQT07521","HomozygousHigh","other"
"O21","MC607","IQT07522","HomozygousHigh","other"
"A23","MC607","IQT07523","HomozygousHigh","other"
"C23","MC607","IQT07524","HomozygousHigh","other"
"E23","MC607","IQT07525","HomozygousHigh","other"
"G23","MC607","IQT07526","Error:MissingWellID","other"
"I23","MC607","IQT07527","HomozygousHigh","other"
"K23","MC607","IQT07528","HomozygousHigh","other"
"M23","MC607","IQT07529","HomozygousHigh","other"
"B01","SG-IQT-1","IQT02616","HomozygousHigh","undefined"
"D01","SG-IQT-3","IQT02617","HomozygousHigh","undefined"
"F01","SG-IQT-5","IQT02618","HomozygousHigh","undefined"
"H01","SG-IQT-6","IQT02619","HomozygousHigh","undefined"
"J01","SG-IQT-7","IQT02620","HomozygousHigh","undefined"
"L01","SG-IQT-9","IQT02621","HomozygousHigh","undefined"
"N01","SG-IQT-10","IQT02622","HomozygousHigh","undefined"
"P01","SG-IQT-11","IQT02623","HomozygousHigh","undefined"
"B03","SG-IQT-12","IQT02624","HomozygousHigh","undefined"
"D03","SG-IQT-13","IQT02625","HomozygousHigh","undefined"
"F03","SG-IQT-14","IQT02626","HomozygousHigh","undefined"
"H03","SG-IQT-15","IQT02627","HomozygousHigh","undefined"
"J03","SG-IQT-16","IQT02628","HomozygousHigh","undefined"
"L03","SG-IQT-17","IQT02629","HomozygousHigh","undefined"
"N03","SG-IQT-18","IQT02630","HomozygousHigh","undefined"
"P03","SG-IQT-19","IQT02631","HomozygousHigh","undefined"
"B05","SG-IQT-20","IQT02632","HomozygousHigh","undefined"
"D05","SG-IQT-21","IQT02633","HomozygousHigh","undefined"
"F05","SG-IQT-22","IQT02634","HomozygousHigh","undefined"
"H05","SG-IQT-23","IQT02635","HomozygousHigh","undefined"
"J05","SG-IQT-24","IQT02636","HomozygousHigh","undefined"
"L05","SG-IQT-25","IQT02637","HomozygousHigh","undefined"
"N05","SG-IQT-26","IQT02638","HomozygousHigh","undefined"
"P05","SG-IQT-27","IQT02639","HomozygousHigh","undefined"
"B07","SG-IQT-28","IQT02640","HomozygousHigh","undefined"
"D07","SG-IQT-29","IQT02641","HomozygousHigh","undefined"
"F07","SG-IQT-30","IQT02642","HomozygousHigh","undefined"
"H07","SG-IQT-31","IQT02643","HomozygousHigh","undefined"
"J07","SG-IQT-32","IQT02644","HomozygousHigh","undefined"
"L07","SG-IQT-33","IQT02645","HomozygousHigh","undefined"
"N07","SG-IQT-34","IQT02646","HomozygousHigh","undefined"
"P07","SG-IQT-35","IQT02647","HomozygousHigh","undefined"
"B09","SG-IQT-36","IQT02648","HomozygousHigh","undefined"
"D09","SG-IQT-37","IQT02649","HomozygousHigh","undefined"
"F09","SG-IQT-38","IQT02650","HomozygousHigh","undefined"
"H09","SG-IQT-39","IQT02651","HomozygousHigh","undefined"
"J09","SG-IQT-40","IQT02652","HomozygousHigh","undefined"
"L09","SG-IQT-41","IQT02653","HomozygousHigh","undefined"
"N09","SG-IQT-42","IQT02654","HomozygousHigh","undefined"
"P09","SG-IQT-43","IQT02655","HomozygousHigh","undefined"
"B11","SG-IQT-44","IQT02656","HomozygousHigh","undefined"
"D11","SG-IQT-45","IQT02657","HomozygousHigh","undefined"
"F11","SG-IQT-46","IQT02658","HomozygousHigh","undefined"
"H11","SG-IQT-48","IQT02659","HomozygousHigh","undefined"
"J11","SG-IQT-49","IQT02660","HomozygousHigh","undefined"
"L11","SG-IQT-50","IQT02661","HomozygousHigh","undefined"
"N11","SG-IQT-51","IQT02662","HomozygousHigh","undefined"
"P11","SG-IQT-52","IQT02663","HomozygousHigh","undefined"
"B13","SG-IQT-53","IQT02664","HomozygousHigh","undefined"
"D13","SG-IQT-54","IQT02665","HomozygousHigh","undefined"
"F13","SG-IQT-55","IQT02666","HomozygousHigh","undefined"
"H13","SG-IQT-56","IQT02667","HomozygousHigh","undefined"
"J13","SG-IQT-57","IQT02668","HomozygousHigh","undefined"
"L13","SG-IQT-58","IQT02669","HomozygousHigh","undefined"
"N13","SG-IQT-59","IQT02670","HomozygousHigh","undefined"
"P13","SG-IQT-60","IQT02671","HomozygousHigh","undefined"
"B15","SG-IQT-61","IQT02672","HomozygousHigh","undefined"
"D15","SG-IQT-62","IQT02673","HomozygousHigh","undefined"
"F15","SG-IQT-63","IQT02674","HomozygousHigh","undefined"
"H15","SG-IQT-64","IQT02675","HomozygousHigh","undefined"
"J15","SG-IQT-65","IQT02676","HomozygousHigh","undefined"
"L15","SG-IQT-66","IQT02677","HomozygousHigh","undefined"
"N15","SG-IQT-67","IQT02678","HomozygousHigh","undefined"
"P15","SG-IQT-68","IQT02679","HomozygousHigh","undefined"
"B17","SG-IQT-69","IQT02680","HomozygousHigh","undefined"
"D17","SG-IQT-70","IQT02681","HomozygousHigh","undefined"
"F17","SG-IQT-71","IQT02682","HomozygousHigh","undefined"
"H17","SG-IQT-72","IQT02683","HomozygousHigh","undefined"
"J17","SG-IQT-73","IQT02684","HomozygousHigh","undefined"
"L17","SG-IQT-74","IQT02685","HomozygousHigh","undefined"
"N17","SG-IQT-75","IQT02686","HomozygousHigh","undefined"
"P17","SG-IQT-76","IQT02687","HomozygousHigh","undefined"
"B19","SG-IQT-77","IQT02688","HomozygousHigh","undefined"
"D19","SG-IQT-78","IQT02689","HomozygousHigh","undefined"
"F19","SG-IQT-79","IQT02690","HomozygousHigh","undefined"
"H19","SG-IQT-80","IQT02691","HomozygousHigh","undefined"
"J19","SG-IQT-81","IQT02692","HomozygousHigh","undefined"
"L19","SG-IQT-82","IQT02693","HomozygousHigh","undefined"
"N19","SG-IQT-83","IQT02694","HomozygousHigh","undefined"
"P19","SG-IQT-84","IQT02695","HomozygousHigh","undefined"
"B21","SG-IQT-85","IQT02696","HomozygousHigh","undefined"
"D21","SG-IQT-86","IQT02697","HomozygousHigh","undefined"
"F21","SG-IQT-87","IQT02698","HomozygousHigh","undefined"
"H21","SG-IQT-88","IQT02699","HomozygousHigh","undefined"
"J21","SG-IQT-89","IQT02700","HomozygousHigh","undefined"
"L21","SG-IQT-90","IQT02701","HomozygousHigh","undefined"
"N21","SG-IQT-91","IQT02702","HomozygousHigh","undefined"
"P21","SG-IQT-92","IQT02703","HomozygousHigh","undefined"
"B23","SG-IQT-93","IQT02704","HomozygousHigh","undefined"
"D23","SG-IQT-94","IQT02705","HomozygousHigh","undefined"
"F23","SG-IQT-95","IQT02706","HomozygousHigh","undefined"
"H23","SG-IQT-96","IQT02707","HomozygousHigh","undefined"
"J23","SG-IQT-97","IQT02708","HomozygousHigh","undefined"
"L23","SG-IQT-98","IQT02709","HomozygousHigh","undefined"
"N23","SG-IQT-99","IQT02710","HomozygousHigh","undefined"
"A02","MY 400","IQT12185","HomozygousHigh","undefined"
"C02","MY 400","IQT12186","HomozygousHigh","undefined"
"E02","MCB 30","IQT12187","HomozygousHigh","undefined"
"G02","SA 531","IQT12188","HomozygousHigh","undefined"
"I02","SAA 541","IQT12189","HomozygousHigh","undefined"
"K02","MCC 91","IQT12190","HomozygousHigh","undefined"
"M02","MCC 91","IQT12191","HomozygousHigh","undefined"
"O02","MCC 91","IQT12192","HomozygousHigh","undefined"
"A04","MCC 91","IQT12193","HomozygousHigh","undefined"
"C04","A1 015P?","IQT12194","HomozygousHigh","undefined"
"E04","A1 015P?","IQT12195","HomozygousHigh","undefined"
"G04","MY 206","IQT12196","HomozygousHigh","undefined"
"I04","IQB 375","IQT12197","HomozygousHigh","undefined"
"K04","PT 588","IQT12198","HomozygousHigh","undefined"
"M04","PT 588","IQT12199","HomozygousHigh","undefined"
"O04","SAB 277","IQT12200","HomozygousHigh","undefined"
"A06","TQE 335","IQT12201","HomozygousHigh","undefined"
"C06","TQE 335","IQT12202","HomozygousHigh","undefined"
"E06","PUD 245B","IQT12203","HomozygousHigh","undefined"
"G06","TA 339","IQT12204","HomozygousHigh","undefined"
"I06","SA 419","IQT12205","HomozygousHigh","undefined"
"K06","SAA 641","IQT12206","HomozygousHigh","undefined"
"M06","SAA 523","IQT12207","HomozygousHigh","undefined"
"O06","BGC 494","IQT12208","HomozygousHigh","undefined"
"A08","MY 488","IQT12209","HomozygousHigh","undefined"
"C08","JQB 402","IQT12210","HomozygousHigh","undefined"
"E08","MY 389","IQT12211","HomozygousHigh","undefined"
"G08","SA 722","IQT12212","HomozygousHigh","undefined"
"I08","JAB 108P","IQT12213","HomozygousHigh","undefined"
"K08","JAB 108P","IQT12214","HomozygousHigh","undefined"
"M08","JAB 108P","IQT12215","HomozygousHigh","undefined"
"O08","SA 63","IQT12216","HomozygousHigh","undefined"
"A10","BGC 781","IQT12217","HomozygousHigh","undefined"
"C10","PUD 743","IQT12218","HomozygousHigh","undefined"
"E10","PUD 590","IQT12219","HomozygousHigh","undefined"
"G10","PUD 590","IQT12220","HomozygousHigh","undefined"
"I10","PT 636F","IQT12221","HomozygousHigh","undefined"
"K10","PUG 163","IQT12222","HomozygousHigh","undefined"
"M10","PUG 163","IQT12223","HomozygousHigh","undefined"
"O10","MY 632D","IQT12224","HomozygousHigh","undefined"
"A12","MY 632D","IQT12225","HomozygousHigh","undefined"
"C12","BGC 722","IQT12226","HomozygousHigh","undefined"
"E12","SAB 426","IQT12227","HomozygousHigh","undefined"
"G12","MY 159","IQT12228","HomozygousHigh","undefined"
"I12","SAA 53","IQT12229","HomozygousHigh","undefined"
"K12","DGC 485P","IQT12230","HomozygousHigh","undefined"
"M12","MCB 424B","IQT12231","HomozygousHigh","undefined"
"O12","MY 361","IQT12232","HomozygousHigh","undefined"
"A14","POD 632","IQT12233","HomozygousHigh","undefined"
"C14","BGC 563","IQT12234","HomozygousHigh","undefined"
"E14","BGC 563","IQT12235","HomozygousHigh","undefined"
"G14","MYA 346","IQT12236","HomozygousHigh","undefined"
"I14","SAA 009","IQT12237","HomozygousHigh","undefined"
"K14","SAB 397","IQT12238","HomozygousHigh","undefined"
"M14","SAB 397","IQT12239","HomozygousHigh","undefined"
"O14","SAA 202","IQT12240","HomozygousHigh","undefined"
"A16","??? 737","IQT12241","HomozygousHigh","undefined"
"C16","PUD 672C","IQT12242","HomozygousHigh","undefined"
"E16","SAA 875DP","IQT12243","HomozygousHigh","undefined"
"G16","TA 46","IQT12244","HomozygousHigh","undefined"
"I16","SAA 878","IQT12245","HomozygousHigh","undefined"
"K16","PUE 124","IQT12246","HomozygousHigh","undefined"
"M16","PUE 124","IQT12247","HomozygousHigh","undefined"
"O16","PUE 124","IQT12248","HomozygousHigh","undefined"
"A18","PUD 611","IQT12249","HomozygousHigh","undefined"
"C18","PUD 611","IQT12250","HomozygousHigh","undefined"
"E18","POC 79","IQT12251","HomozygousHigh","undefined"
"G18","PUD 746","IQT12252","HomozygousHigh","undefined"
"I18","gA 31 ?","IQT12253","HomozygousHigh","undefined"
"K18","TAF 163","IQT12254","HomozygousHigh","undefined"
"M18","BGC 520","IQT12255","HomozygousHigh","undefined"
"O18","MY 701","IQT12256","HomozygousHigh","undefined"
"A20","MYC 424","IQT12257","HomozygousHigh","undefined"
"C20","MY 338","IQT12258","HomozygousHigh","undefined"
"E20","IQB 438","IQT12259","HomozygousHigh","undefined"
"G20","MCC 14","IQT12260","HomozygousHigh","undefined"
"I20","MY 204","IQT12261","HomozygousHigh","undefined"
"K20","MY 204","IQT12262","HomozygousHigh","undefined"
"M20","MY 204","IQT12263","HomozygousHigh","undefined"
"O20","MY 204","IQT12264","HomozygousHigh","undefined"
"A22","MY 204","IQT12265","HomozygousHigh","undefined"
"C22","MY 204","IQT12266","HomozygousHigh","undefined"
"E22","MY 204","IQT12267","HomozygousHigh","undefined"
"G22","MY 273","IQT12268","HomozygousHigh","undefined"
"I22","MY 273","IQT12269","HomozygousHigh","undefined"
"K22","MY 612","IQT12270","HomozygousHigh","undefined"
"M22","PUD 587","IQT12271","HomozygousHigh","undefined"
"O22","PUD 587","IQT12272","HomozygousHigh","undefined"
"A24","PUD 587","IQT12273","HomozygousHigh","undefined"
"C24","TAF 197","IQT12274","HomozygousHigh","undefined"
"E24","TAF 197","IQT12275","HomozygousHigh","undefined"
"G24","MYC 733","IQT12276","HomozygousHigh","undefined"
"I24","MYC 733","IQT12277","HomozygousHigh","undefined"
"K24","SAA 497","IQT12278","HomozygousHigh","undefined"
"M24","SAA 497","IQT12279","HomozygousHigh","undefined"
"B02","BGE 750","IQT12375","HomozygousHigh","undefined"
"D02","BGE 750","IQT12376","HomozygousHigh","undefined"
"F02","BGE 750","IQT12377","HomozygousHigh","undefined"
"H02","BGE 750","IQT12378","HomozygousHigh","undefined"
"J02","MYB 27","IQT12379","HomozygousHigh","undefined"
"L02","MYB 27","IQT12380","HomozygousHigh","undefined"
"N02","PU 507","IQT12381","HomozygousHigh","undefined"
"P02","PU 507","IQT12382","HomozygousHigh","undefined"
"B04","PU 507","IQT12383","HomozygousHigh","undefined"
"D04","PU 507","IQT12384","HomozygousHigh","undefined"
"F04","PU 507","IQT12385","HomozygousHigh","undefined"
"H04","BGE 26","IQT12386","HomozygousHigh","undefined"
"J04","BGE 26","IQT12387","HomozygousHigh","undefined"
"L04","BGE 26","IQT12388","HomozygousHigh","undefined"
"N04","MYC 222","IQT12389","HomozygousHigh","undefined"
"P04","MYC 222","IQT12390","HomozygousHigh","undefined"
"B06","PUC 56","IQT12391","HomozygousHigh","undefined"
"D06","MYC 222","IQT12392","HomozygousHigh","undefined"
"F06","MYC 222","IQT12393","HomozygousHigh","undefined"
"H06","PUC 325","IQT12394","HomozygousHigh","undefined"
"J06","PUC 325","IQT12395","HomozygousHigh","undefined"
"L06","PUC 325","IQT12396","HomozygousHigh","undefined"
"N06","PUC 325","IQT12397","HomozygousHigh","undefined"
"P06","TA 128","IQT12398","HomozygousHigh","undefined"
"B08","TA 128","IQT12399","HomozygousHigh","undefined"
"D08","MYA 101","IQT12400","HomozygousHigh","undefined"
"F08","MYA 101","IQT12401","HomozygousHigh","undefined"
"H08","MYA 73B","IQT12402","HomozygousHigh","undefined"
"J08","MYA 73B","IQT12403","HomozygousHigh","undefined"
"L08","MYA 73B","IQT12404","HomozygousHigh","undefined"
"N08","IQD 255","IQT12405","HomozygousHigh","undefined"
"P08","MYC 827","IQT12406","HomozygousHigh","undefined"
"B10","PAD 103P","IQT12407","HomozygousHigh","undefined"
"D10","TAF 130","IQT12408","HomozygousHigh","undefined"
"F10","TAF 130","IQT12409","HomozygousHigh","undefined"
"H10","TAF 955","IQT12410","HomozygousHigh","undefined"
"J10","TAF 955","IQT12411","HomozygousHigh","undefined"
"L10","TA 655","IQT12412","HomozygousHigh","undefined"
"N10","TA 655","IQT12413","HomozygousHigh","undefined"
"P10","SAA 208-209","IQT12414","HomozygousHigh","undefined"
"B12","SAA 208-209","IQT12415","HomozygousHigh","undefined"
"D12","SAA 208-209","IQT12416","HomozygousHigh","undefined"
"F12","TA 25","IQT12417","HomozygousHigh","undefined"
"H12","MYA 73B","IQT12418","HomozygousHigh","undefined"
"J12","MYA 73B","IQT12419","HomozygousHigh","undefined"
"L12","IQB 701","IQT12420","HomozygousHigh","undefined"
"N12","IQB 701","IQT12421","HomozygousHigh","undefined"
"P12","IQB 701","IQT12422","HomozygousHigh","undefined"
"B14","IQB 701","IQT12423","HomozygousHigh","undefined"
"D14","IQB 701","IQT12424","HomozygousHigh","undefined"
"F14","IQB 701","IQT12425","HomozygousHigh","undefined"
"H14","IQB 701","IQT12426","HomozygousHigh","undefined"
"J14","IQB 701","IQT12427","HomozygousHigh","undefined"
"L14","IQB 701","IQT12428","HomozygousHigh","undefined"
"N14","PU 506","IQT12429","HomozygousHigh","undefined"
"P14","PU 506","IQT12430","HomozygousHigh","undefined"
"B16","PU 506","IQT12431","HomozygousHigh","undefined"
"D16","SAA 95","IQT12432","HomozygousHigh","undefined"
"F16","SAA 95","IQT12433","HomozygousHigh","undefined"
"H16","ACF 306P","IQT12434","HomozygousHigh","undefined"
"J16","ACF 306P","IQT12435","HomozygousHigh","undefined"
"L16","ACF 306P","IQT12436","HomozygousHigh","undefined"
"N16","SAA 722","IQT12437","HomozygousHigh","undefined"
"P16","SAA 722","IQT12438","HomozygousHigh","undefined"
"B18","SAA 722","IQT12439","HomozygousHigh","undefined"
"D18","PUD 224","IQT12440","HomozygousHigh","undefined"
"F18","PUD 224","IQT12441","HomozygousHigh","undefined"
"H18","BAE 523","IQT12442","HomozygousHigh","undefined"
"J18","BAE 523","IQT12443","HomozygousHigh","undefined"
"L18","BAE 523","IQT12444","HomozygousHigh","undefined"
"N18","BAE 523","IQT12445","HomozygousHigh","undefined"
"P18","SAG 56","IQT12446","HomozygousHigh","undefined"
"B20","PUA 125","IQT12447","HomozygousHigh","undefined"
"D20","PUC 66","IQT12448","HomozygousHigh","undefined"
"F20","PUC 66","IQT12449","HomozygousHigh","undefined"
"H20","TAB 106","IQT12450","HomozygousHigh","undefined"
"J20","PUY 367","IQT12451","HomozygousHigh","undefined"
"L20","BGC 792","IQT12452","HomozygousHigh","undefined"
"N20","PU 245","IQT12453","HomozygousHigh","undefined"
"P20","MYC 270","IQT12454","HomozygousHigh","undefined"
"B22","MYC 69","IQT12455","HomozygousHigh","undefined"
"D22","MYC 69","IQT12456","HomozygousHigh","undefined"
"F22","BGG 72","IQT12457","HomozygousHigh","undefined"
"H22","PUD 588","IQT12458","HomozygousHigh","undefined"
"J22","PUD 588","IQT12459","HomozygousHigh","undefined"
"L22","PUB 333","IQT12460","HomozygousHigh","undefined"
"N22","PUB 333","IQT12461","HomozygousHigh","undefined"
"P22","MCF 21","IQT12462","HomozygousHigh","undefined"
"B24","BGC 749","IQT12463","HomozygousHigh","undefined"
"D24","BGC 749","IQT12464","HomozygousHigh","undefined"
"F24","BGC 749","IQT12465","HomozygousHigh","undefined"
"H24","PUA 143","IQT12466","HomozygousHigh","undefined"
"J24","PUA 143","IQT12467","HomozygousHigh","undefined"
"L24","PUA 143","IQT12468","HomozygousHigh","undefined"
"N24","PUA 143","IQT12469","HomozygousHigh","undefined"
"A01","IQB028","IQT08480","HomozygousHigh","other"
"C01","IQB028","IQT08481","HomozygousHigh","other"
"E01","IQB026","IQT08482","HomozygousHigh","other"
"G01","MYC492-9B","IQT08483","HomozygousHigh","other"
"I01","PTC262","IQT08484","HomozygousHigh","other"
"K01","PTC262","IQT08485","HomozygousHigh","other"
"M01","PTC262","IQT08486","HomozygousHigh","other"
"O01","MCE232","IQT08487","HomozygousHigh","treatment"
"A03","PU211","IQT08488","HomozygousHigh","other"
"C03","SPB684","IQT08489","HomozygousHigh","undefined"
"E03","SHC655","IQT08490","HomozygousHigh","undefined"
"G03","PUD378","IQT08491","HomozygousHigh","other"
"I03","AHT098","IQT08492","HomozygousHigh","undefined"
"K03","PIS210","IQT08493","HomozygousHigh","undefined"
"M03","PIS210","IQT08494","HomozygousHigh","undefined"
"O03","SA743","IQT08495","HomozygousHigh","other"
"A05","PTD402","IQT08496","HomozygousHigh","buffer"
"C05","PTD402","IQT08497","HomozygousHigh","buffer"
"E05","PTD402","IQT08498","HomozygousHigh","buffer"
"G05","PTD402","IQT08499","HomozygousHigh","buffer"
"I05","PTD402","IQT08500","HomozygousHigh","buffer"
"K05","PTD402","IQT08501","HomozygousHigh","buffer"
"M05","PTD402","IQT08502","HomozygousHigh","buffer"
"O05","MC275","IQT08503","HomozygousHigh","treatment"
"A07","MC275","IQT08504","HomozygousHigh","treatment"
"C07","MYC163","IQT08505","HomozygousHigh","other"
"E07","IAC013","IQT08506","HomozygousHigh","undefined"
"G07","PUD314","IQT08507","HomozygousHigh","other"
"I07","TA122","IQT08508","HomozygousHigh","other"
"K07","MYC724","IQT08509","HomozygousHigh","other"
"M07","MYC724","IQT08510","HomozygousHigh","other"
"O07","MYC724","IQT08511","HomozygousHigh","other"
"A09","MYC724","IQT08512","HomozygousHigh","other"
"C09","MCG493","IQT08513","HomozygousHigh","undefined"
"E09","IQB154","IQT08514","HomozygousHigh","other"
"G09","2QB363","IQT08515","HomozygousHigh","undefined"
"I09","MY407P","IQT08516","HomozygousHigh","undefined"
"K09","SAA642","IQT08517","HomozygousHigh","other"
"M09","MY250P","IQT08518","HomozygousHigh","undefined"
"O09","PT443","IQT08519","HomozygousHigh","other"
"A11","PT443","IQT08520","HomozygousHigh","other"
"C11","PTC251","IQT08521","HomozygousHigh","other"
"E11","MCD084","IQT08522","HomozygousHigh","buffer"
"G11","SF333","IQT08523","HomozygousHigh","undefined"
"I11","IQB312","IQT08524","HomozygousHigh","other"
"K11","IQB312","IQT08525","HomozygousHigh","other"
"M11","PU147","IQT08526","HomozygousHigh","other"
"O11","PU147","IQT08527","HomozygousHigh","other"
"A13","MYA263","IQT08528","HomozygousHigh","other"
"C13","PTB243","IQT08529","HomozygousHigh","other"
"E13","MCD162","IQT08530","HomozygousHigh","buffer"
"G13","MC244","IQT08531","HomozygousHigh","treatment"
"I13","PTA147","IQT08532","HomozygousHigh","treatment"
"K13","PT043P","IQT08533","HomozygousHigh","undefined"
"M13","PT043P","IQT08534","HomozygousHigh","undefined"
"O13","MCE172","IQT08535","HomozygousHigh","other"
"A15","MC593","IQT08536","HomozygousHigh","other"
"C15","MC593","IQT08537","HomozygousHigh","other"
"E15","MC593","IQT08538","HomozygousHigh","other"
"G15","MC593","IQT08539","HomozygousHigh","other"
"I15","PTH193","IQT08540","HomozygousHigh","other"
"K15","PTH193","IQT08541","HomozygousHigh","other"
"M15","PTH193","IQT08542","HomozygousHigh","other"
"O15","M4964","IQT08543","HomozygousHigh","undefined"
"A17","MYA203","IQT08544","HomozygousHigh","other"
"C17","MYA203","IQT08545","HomozygousHigh","other"
"E17","MYA203","IQT08546","HomozygousHigh","other"
"G17","TAB653","IQT08547","HomozygousHigh","other"
"I17","PU525","IQT08548","HomozygousHigh","other"
"K17","PTD183","IQT08549","HomozygousHigh","other"
"M17","MYC463","IQT08550","HomozygousHigh","other"
"O17","MCE373P","IQT08551","HomozygousHigh","other"
"A19","PU177","IQT08552","HomozygousHigh","other"
"C19","SA570","IQT08553","HomozygousHigh","other"
"E19","SA570","IQT08554","HomozygousHigh","other"
"G19","SA570","IQT08555","HomozygousHigh","other"
"I19","SA570","IQT08556","HomozygousHigh","other"
"K19","PTA042","IQT08557","HomozygousHigh","buffer"
"M19","PTA042","IQT08558","HomozygousHigh","buffer"
"O19","PTD962","IQT08559","HomozygousHigh","undefined"
"A21","JPD091","IQT08560","HomozygousHigh","undefined"
"C21","PE223","IQT08561","HomozygousHigh","undefined"
"E21","IQB016","IQT08562","HomozygousHigh","other"
"G21","IQB049","IQT08563","HomozygousHigh","other"
"I21","PT264P","IQT08564","HomozygousHigh","undefined"
"K21","PU023","IQT08565","HomozygousHigh","other"
"M21","MYC331-32","IQT08566","HomozygousHigh","other"
"O21","MCE441P","IQT08567","HomozygousHigh","other"
"A23","TAE152","IQT08568","HomozygousHigh","other"
"C23","M4427","IQT08569","HomozygousHigh","undefined"
"E23","SAC523","IQT08570","HomozygousHigh","other"
"G23","PU046","IQT08571","HomozygousHigh","other"
"I23","IQB330","IQT08572","HomozygousHigh","other"
"K23","PTD203","IQT08573","HomozygousHigh","undefined"
"M23","MC394","IQT08574","HomozygousHigh","buffer"
"B01","PT561","IQT11710","HomozygousHigh","other"
"D01","PT561","IQT11711","HomozygousHigh","other"
"F01","PT561","IQT11712","HomozygousHigh","other"
"H01","PT561","IQT11713","HomozygousHigh","other"
"J01","PT561","IQT11714","HomozygousHigh","other"
"L01","PT561","IQT11715","HomozygousHigh","other"
"N01","PT561","IQT11716","HomozygousHigh","other"
"P01","PT561","IQT11717","HomozygousHigh","other"
"B03","PT561","IQT11718","HomozygousHigh","other"
"D03","PT561","IQT11719","HomozygousHigh","other"
"F03","PT561","IQT11720","HomozygousHigh","other"
"H03","PT561","IQT11721","HomozygousHigh","other"
"J03","PT561","IQT11722","HomozygousHigh","other"
"L03","PT561","IQT11723","HomozygousHigh","other"
"N03","PT561","IQT11724","HomozygousHigh","other"
"P03","PT561","IQT11725","HomozygousHigh","other"
"B05","PT561","IQT11726","HomozygousHigh","other"
"D05","PT561","IQT11727","HomozygousHigh","other"
"F05","PT561","IQT11728","HomozygousHigh","other"
"H05","PT561","IQT11729","HomozygousHigh","other"
"J05","PT561","IQT11730","HomozygousHigh","other"
"L05","PT561","IQT11731","HomozygousHigh","other"
"N05","PT561","IQT11732","HomozygousHigh","other"
"P05","PT561","IQT11733","HomozygousHigh","other"
"B07","PT561","IQT11734","HomozygousHigh","other"
"D07","PT559","IQT11735","HomozygousHigh","other"
"F07","PT561","IQT11736","HomozygousHigh","other"
"H07","PT561","IQT11737","HomozygousHigh","other"
"J07","PT561","IQT11738","HomozygousHigh","other"
"L07","PT561","IQT11739","HomozygousHigh","other"
"N07","PT561","IQT11740","HomozygousHigh","other"
"P07","PT561","IQT11741","HomozygousHigh","other"
"B09","PT561","IQT11742","HomozygousHigh","other"
"D09","PT561","IQT11743","HomozygousHigh","other"
"F09","PT561","IQT11744","HomozygousHigh","other"
"H09","PT561","IQT11745","HomozygousHigh","other"
"J09","PT561","IQT11746","HomozygousHigh","other"
"L09","PT561","IQT11747","HomozygousHigh","other"
"N09","PT561","IQT11748","HomozygousHigh","other"
"P09","PT561","IQT11749","HomozygousHigh","other"
"B11","PT561","IQT11750","HomozygousHigh","other"
"D11","PT561","IQT11751","HomozygousHigh","other"
"F11","PT561","IQT11752","HomozygousHigh","other"
"H11","PT561","IQT11753","HomozygousHigh","other"
"J11","PT561","IQT11754","HomozygousHigh","other"
"L11","PT561","IQT11755","HomozygousHigh","other"
"N11","PT561","IQT11756","HomozygousHigh","other"
"P11","PT561","IQT11757","HomozygousHigh","other"
"B13","PT561","IQT11758","HomozygousHigh","other"
"D13","PT561","IQT11759","HomozygousHigh","other"
"F13","PT561","IQT11760","HomozygousHigh","other"
"H13","PT561","IQT11761","HomozygousHigh","other"
"J13","PT561","IQT11762","HomozygousHigh","other"
"L13","PT561","IQT11763","HomozygousHigh","other"
"N13","PT561","IQT11764","HomozygousHigh","other"
"P13","PT561","IQT11765","HomozygousHigh","other"
"B15","PT561","IQT11766","HomozygousHigh","other"
"D15","PT561","IQT11767","HomozygousHigh","other"
"F15","PT561","IQT11768","HomozygousHigh","other"
"H15","PT561","IQT11769","HomozygousHigh","other"
"J15","PT561","IQT11770","HomozygousHigh","other"
"L15","PT561","IQT11771","HomozygousHigh","other"
"N15","PT561","IQT11772","HomozygousHigh","other"
"P15","PT561","IQT11773","HomozygousHigh","other"
"B17","PT561","IQT11774","HomozygousHigh","other"
"D17","PT561","IQT11775","HomozygousHigh","other"
"F17","PT561","IQT11776","HomozygousHigh","other"
"H17","PT561","IQT11777","HomozygousHigh","other"
"J17","PT561","IQT11778","HomozygousHigh","other"
"L17","PT561","IQT11779","HomozygousHigh","other"
"N17","PT561","IQT11780","HomozygousHigh","other"
"P17","PT561","IQT11781","HomozygousHigh","other"
"B19","PT561","IQT11782","HomozygousHigh","other"
"D19","PT561","IQT11783","HomozygousHigh","other"
"F19","PT561","IQT11784","HomozygousHigh","other"
"H19","PT561","IQT11785","HomozygousHigh","other"
"J19","PT561","IQT11786","HomozygousHigh","other"
"L19","MY384","IQT11787","HomozygousHigh","other"
"N19","PT565","IQT11788","HomozygousHigh","other"
"P19","PT565","IQT11789","HomozygousHigh","other"
"B21","PT565","IQT11790","HomozygousHigh","other"
"D21","PT598","IQT11791","HomozygousHigh","other"
"F21","PT598","IQT11792","HomozygousHigh","other"
"H21","PT585","IQT11793","HomozygousHigh","other"
"J21","PT585","IQT11794","HomozygousHigh","other"
"L21","PT563","IQT11795","HomozygousHigh","other"
"N21","PT563","IQT11796","HomozygousHigh","other"
"P21","MCT187","IQT11797","HomozygousHigh","undefined"
"B23","PT713","IQT11798","HomozygousHigh","other"
"D23","MYE451","IQT11799","HomozygousHigh","other"
"F23","SAG203","IQT11800","HomozygousHigh","other"
"H23","PTF158","IQT11801","HomozygousHigh","other"
"J23","MYE446","IQT11802","HomozygousHigh","other"
"L23","PTD273","IQT11803","HomozygousHigh","other"
"N23","MY426","IQT11804","HomozygousHigh","other"
"A02","STS-121-M","IQT03661","HomozygousHigh","undefined"
"C02","STS-122-1F","IQT03662","HomozygousHigh","undefined"
"E02","STS-122-2M","IQT03663","HomozygousHigh","undefined"
"G02","STS-123-1F","IQT03664","HomozygousHigh","undefined"
"I02","STS-123-2F","IQT03665","HomozygousHigh","undefined"
"K02","STS-124-1F","IQT03666","HomozygousHigh","undefined"
"M02","STS-124-2F","IQT03667","HomozygousHigh","undefined"
"O02","STS-125-1M","IQT03668","HomozygousHigh","undefined"
"A04","STS-125-2M","IQT03669","HomozygousHigh","undefined"
"C04","STS-125-3F","IQT03670","HomozygousHigh","undefined"
"E04","STS-126-1M","IQT03671","HomozygousHigh","undefined"
"G04","STS-126-2M","IQT03672","HomozygousHigh","undefined"
"I04","STS-127-1M","IQT03673","HomozygousHigh","undefined"
"K04","STS-127-2M","IQT03674","HomozygousHigh","undefined"
"M04","STS-128-1M","IQT03675","HomozygousHigh","undefined"
"O04","STS-128-2F","IQT03676","HomozygousHigh","undefined"
"A06","STS-130-F","IQT03677","HomozygousHigh","undefined"
"C06","STS-132-1M","IQT03678","HomozygousHigh","undefined"
"E06","STS-132-2M","IQT03679","HomozygousHigh","undefined"
"G06","STS-133-M","IQT03680","HomozygousHigh","undefined"
"I06","STS-134-M","IQT03681","HomozygousHigh","undefined"
"K06","STS-135-F","IQT03682","HomozygousHigh","undefined"
"M06","STS-138-M","IQT03683","HomozygousHigh","undefined"
"O06","STS-140-F","IQT03684","HomozygousHigh","undefined"
"A08","STS-143-M","IQT03685","HomozygousHigh","undefined"
"C08","STS-150-M","IQT03686","HomozygousHigh","undefined"
"E08","STS-152-M","IQT03687","HomozygousHigh","undefined"
"G08","STS-154-M","IQT03688","HomozygousHigh","undefined"
"I08","STS-156-1M","IQT03689","HomozygousHigh","undefined"
"K08","STS-156-2M","IQT03690","HomozygousHigh","undefined"
"M08","STS-160-F","IQT03691","HomozygousHigh","undefined"
"O08","STS-161-F","IQT03692","HomozygousHigh","undefined"
"A10","STS-18105-1M","IQT03693","HomozygousHigh","undefined"
"C10","STS-18105-2M","IQT03694","HomozygousHigh","undefined"
"E10","SG-IQT-1F2","IQT03695","HomozygousHigh","undefined"
"G10","SG-IQT-1F3","IQT03696","HomozygousHigh","undefined"
"I10","SG-IQT-6F1","IQT03697","HomozygousHigh","undefined"
"K10","SG-IQT-6F2","IQT03698","HomozygousHigh","undefined"
"M10","SG-IQT-10F1","IQT03699","HomozygousHigh","undefined"
"O10","SG-IQT-10F2","IQT03700","HomozygousHigh","undefined"
"A12","SG-IQT-11F","IQT03701","HomozygousHigh","undefined"
"C12","SG-IQT-12F2","IQT03702","HomozygousHigh","undefined"
"E12","SG-IQT-13F1","IQT03703","HomozygousHigh","undefined"
"G12","SG-IQT-13F2","IQT03704","HomozygousHigh","undefined"
"I12","SG-IQT-13F2","IQT03705","HomozygousHigh","undefined"
"K12","SG-IQT-13F3","IQT03706","HomozygousHigh","undefined"
"M12","SG-IQT-27F","IQT03707","HomozygousHigh","undefined"
"O12","SG-IQT-10STF","IQT03708","HomozygousHigh","undefined"
"A14","SG-IQT-12STF1","IQT03709","HomozygousHigh","undefined"
"C14","SG-IQT-12STF2","IQT03710","HomozygousHigh","undefined"
"E14","SG-IQT-12STF2","IQT03711","HomozygousHigh","undefined"
"G14","SG-IQT-14STF1","IQT03712","HomozygousHigh","undefined"
"I14","SG-IQT-5-5F","IQT03713","HomozygousHigh","undefined"
"K14","SG-IQT-6-3F","IQT03714","HomozygousHigh","undefined"
"M14","SG-IQT-6-4F","IQT03715","HomozygousHigh","undefined"
"O14","SG-IQT-12-2F","IQT03716","HomozygousHigh","undefined"
"A16","SG-IQT-13-3F","IQT03717","HomozygousHigh","undefined"
"C16","SG-IQT-934F","IQT03718","HomozygousHigh","undefined"
"E16","SG-IQT-9M2","IQT03719","HomozygousHigh","undefined"
"G16","SG-IQT-9M3","IQT03720","HomozygousHigh","undefined"
"I16","SG-IQT-10M","IQT03721","HomozygousHigh","undefined"
"K16","SG-IQT-11M","IQT03722","HomozygousHigh","undefined"
"M16","SG-IQT-12M-1","IQT03723","HomozygousHigh","undefined"
"O16","SG-IQT-13M-1","IQT03724","HomozygousHigh","undefined"
"A18","SG-IQT-26M","IQT03725","HomozygousHigh","undefined"
"C18","SG-IQT-9-1M","IQT03726","HomozygousHigh","undefined"
"E18","SG-IQT-14-1M","IQT03727","HomozygousHigh","undefined"
"G18","SG-IQT-14-2M","IQT03728","HomozygousHigh","undefined"
"I18","SG-IQT-17-1M","IQT03729","HomozygousHigh","undefined"
"K18","SG-IQT-22-1M","IQT03730","HomozygousHigh","undefined"
"M18","SG-IQT-25-1M","IQT03731","HomozygousHigh","undefined"
"O18","SG-IQT-27-4M","IQT03732","HomozygousHigh","undefined"
"A20","SG-IQT-29-1M","IQT03733","HomozygousHigh","undefined"
"C20","SG-IQT-30-1M","IQT03734","HomozygousHigh","undefined"
"E20","SG-IQT-32-1M","IQT03735","HomozygousHigh","undefined"
"G20","SG-IQT-98M","IQT03736","HomozygousHigh","undefined"
"I20","SG-IQT-923M","IQT03737","HomozygousHigh","undefined"
"K20","SG-IQT-924M","IQT03738","HomozygousHigh","undefined"
"M20","PU6171P-32M","IQT03739","HomozygousHigh","undefined"
"O20","PU6171P-32F","IQT03740","HomozygousHigh","undefined"
"A22","PU617 1P-32M2","IQT03741","HomozygousHigh","undefined"
"C22","MYC259 1F-31F","IQT03742","HomozygousHigh","other"
"E22","MYC259 1F-31M","IQT03743","HomozygousHigh","other"
"G22","MYC2426PF","IQT03744","HomozygousHigh","other"
"I22","STSII-552","IQT03745","HomozygousHigh","undefined"
"K22","STSII-553","IQT03746","HomozygousHigh","undefined"
"M22","STSII-554","IQT03747","HomozygousHigh","undefined"
"O22","STSII-555","IQT03748","HomozygousHigh","undefined"
"A24","STSII-562","IQT03749","HomozygousHigh","undefined"
"C24","STSII-563","IQT03750","HomozygousHigh","undefined"
"E24","STSII-567","IQT03751","HomozygousHigh","undefined"
"G24","STSII-569","IQT03752","HomozygousHigh","undefined"
"I24","STSII-570","IQT03753","HomozygousHigh","undefined"
"K24","STSII-571","IQT03754","HomozygousHigh","undefined"
"M24","STSII-572","IQT03755","HomozygousHigh","undefined"
"B02","MY 9530","IQT12280","HomozygousHigh","undefined"
"D02","MY 9530","IQT12281","HomozygousHigh","undefined"
"F02","MY 9530","IQT12282","HomozygousHigh","undefined"
"H02","MY 9530","IQT12283","HomozygousHigh","undefined"
"J02","MY 9530","IQT12284","HomozygousHigh","undefined"
"L02","MY 9530","IQT12285","HomozygousHigh","undefined"
"N02","MY 9530","IQT12286","HomozygousHigh","undefined"
"P02","MY 9530","IQT12287","HomozygousHigh","undefined"
"B04","MY 9530","IQT12288","HomozygousHigh","undefined"
"D04","MY 9530","IQT12289","HomozygousHigh","undefined"
"F04","MY 9530","IQT12290","HomozygousHigh","undefined"
"H04","MY 9530","IQT12291","HomozygousHigh","undefined"
"J04","MY 9530","IQT12292","HomozygousHigh","undefined"
"L04","MY 9530","IQT12293","HomozygousHigh","undefined"
"N04","MY 9530","IQT12294","HomozygousHigh","undefined"
"P04","MY 9530","IQT12295","HomozygousHigh","undefined"
"B06","MY 9530","IQT12296","HomozygousHigh","undefined"
"D06","MY 9530","IQT12297","HomozygousHigh","undefined"
"F06","MY 9530","IQT12298","HomozygousHigh","undefined"
"H06","MY 9530","IQT12299","HomozygousHigh","undefined"
"J06","MY 9530","IQT12300","HomozygousHigh","undefined"
"L06","MY 9530","IQT12301","HomozygousHigh","undefined"
"N06","MY 9531","IQT12302","HomozygousHigh","undefined"
"P06","MY 9532","IQT12303","HomozygousHigh","undefined"
"B08","MY 9533","IQT12304","HomozygousHigh","undefined"
"D08","MY 9534","IQT12305","HomozygousHigh","undefined"
"F08","MY 9535","IQT12306","HomozygousHigh","undefined"
"H08","MY 9536","IQT12307","HomozygousHigh","undefined"
"J08","MY 9537","IQT12308","HomozygousHigh","undefined"
"L08","MY 9538","IQT12309","HomozygousHigh","undefined"
"N08","??","IQT12310","HomozygousHigh","undefined"
"P08","??","IQT12311","HomozygousHigh","undefined"
"B10","??","IQT12312","HomozygousHigh","undefined"
"D10","??","IQT12313","HomozygousHigh","undefined"
"F10","??","IQT12314","HomozygousHigh","undefined"
"H10","??","IQT12315","HomozygousHigh","undefined"
"J10","??","IQT12316","HomozygousHigh","undefined"
"L10","??","IQT12317","HomozygousHigh","undefined"
"N10","??","IQT12318","HomozygousHigh","undefined"
"P10","??","IQT12319","HomozygousHigh","undefined"
"B12","??","IQT12320","HomozygousHigh","undefined"
"D12","??","IQT12321","HomozygousHigh","undefined"
"F12","??","IQT12322","HomozygousHigh","undefined"
"H12","??","IQT12323","HomozygousHigh","undefined"
"J12","??","IQT12324","HomozygousHigh","undefined"
"L12","??","IQT12325","HomozygousHigh","undefined"
"N12","??","IQT12326","HomozygousHigh","undefined"
"P12","??","IQT12327","HomozygousHigh","undefined"
"B14","??","IQT12328","HomozygousHigh","undefined"
"D14","??","IQT12329","HomozygousHigh","undefined"
"F14","??","IQT12330","HomozygousHigh","undefined"
"H14","??","IQT12331","HomozygousHigh","undefined"
"J14","??","IQT12332","HomozygousHigh","undefined"
"L14","??","IQT12333","HomozygousHigh","undefined"
"N14","??","IQT12334","HomozygousHigh","undefined"
"P14","??","IQT12335","HomozygousHigh","undefined"
"B16","MYA 201","IQT12336","HomozygousHigh","undefined"
"D16","MYA 201","IQT12337","HomozygousHigh","undefined"
"F16","MYA 201","IQT12338","HomozygousHigh","undefined"
"H16","MYA 201","IQT12339","HomozygousHigh","undefined"
"J16","MYA 201","IQT12340","HomozygousHigh","undefined"
"L16","MYA 201","IQT12341","HomozygousHigh","undefined"
"N16","MYA 201","IQT12342","HomozygousHigh","undefined"
"P16","MYA 201","IQT12343","HomozygousHigh","undefined"
"B18","MYA 201","IQT12344","HomozygousHigh","undefined"
"D18","MYA 201","IQT12345","HomozygousHigh","undefined"
"F18","MYA 201","IQT12346","HomozygousHigh","undefined"
"H18","MYA 201","IQT12347","HomozygousHigh","undefined"
"J18","MYA 201","IQT12348","HomozygousHigh","undefined"
"L18","MYA 201","IQT12349","HomozygousHigh","undefined"
"N18","MYC 467","IQT12350","HomozygousHigh","undefined"
"P18","MYC 467","IQT12351","HomozygousHigh","undefined"
"B20","???   523","IQT12352","HomozygousHigh","undefined"
"D20","???   523","IQT12353","HomozygousHigh","undefined"
"F20","???   523","IQT12354","HomozygousHigh","undefined"
"H20","???   523","IQT12355","HomozygousHigh","undefined"
"J20","???   523","IQT12356","HomozygousHigh","undefined"
"L20","???   523","IQT12357","HomozygousHigh","undefined"
"N20","???   523","IQT12358","HomozygousHigh","undefined"
"P20","???   523","IQT12359","HomozygousHigh","undefined"
"B22","???   523","IQT12360","HomozygousHigh","undefined"
"D22","???   523","IQT12361","HomozygousHigh","undefined"
"F22","???   523","IQT12362","HomozygousHigh","undefined"
"H22","YD 118 ?","IQT12363","HomozygousHigh","undefined"
"J22","MYC C92","IQT12364","HomozygousHigh","undefined"
"L22","MYC C92","IQT12365","HomozygousHigh","undefined"
"N22","MYC C92","IQT12366","HomozygousHigh","undefined"
"P22","MYC 687","IQT12367","HomozygousHigh","undefined"
"B24","MYC 687","IQT12368","HomozygousHigh","undefined"
"D24","LMA 87","IQT12369","HomozygousHigh","undefined"
"F24","LMA 87","IQT12370","HomozygousHigh","undefined"
"H24","LMA 87","IQT12371","HomozygousHigh","undefined"
"J24","PRG J18","IQT12372","HomozygousHigh","undefined"
"L24","PRG J18","IQT12373","HomozygousHigh","undefined"
"N24","PUA 988","IQT12374","HomozygousHigh","undefined"
"G22","PTA001A","IQT09703","HomozygousLow","buffer"
"K22","PTA001A","IQT09705","HomozygousLow","buffer"
"I22","PTA001A","IQT09704","HomozygousLow","buffer"
"I04","PTA010","IQT09632","HomozygousLow","buffer"
"G18","PTA010","IQT09687","Heterozygous","buffer"
"E04","PTA010","IQT09630","HomozygousHigh","buffer"
"I18","PTA010","IQT09688","Heterozygous","buffer"
"G04","PTA010","IQT09631","HomozygousLow","buffer"
"C09","PTA011","IQT08418","HomozygousHigh","buffer"
"G02","PTA012","IQT09623","Heterozygous","buffer"
"O21","PTA021","IQT08377","HomozygousHigh","buffer"
"A06","PTA021","IQT09636","HomozygousLow","buffer"
"M21","PTA021","IQT08376","Heterozygous","buffer"
"C20","PTA030","IQT09693","Heterozygous","buffer"
"O07","PTA030","IQT08416","Heterozygous","buffer"
"I16","PTA031","IQT09680","HomozygousLow","buffer"
"G16","PTA031","IQT09679","HomozygousLow","buffer"
"O20","PTA036","IQT09699","Heterozygous","buffer"
"I07","PTA042","IQT08413","Heterozygous","buffer"
"E02","PTA044","IQT09622","HomozygousLow","buffer"
"C15","PTA050","IQT08347","Heterozygous","buffer"
"O03","PTA051","IQT08400","Heterozygous","buffer"
"M03","PTA051","IQT08399","Heterozygous","buffer"
"A22","PTA051","IQT09700","HomozygousHigh","buffer"
"I08","PTA051","IQT09648","HomozygousLow","buffer"
"M01","PTA054","IQT08391","Heterozygous","buffer"
"K01","PTA054","IQT08390","HomozygousLow","buffer"
"O17","PTA056","IQT08361","HomozygousHigh","buffer"
"E19","PTA059","IQT08364","HomozygousLow","buffer"
"O10","PTA063","IQT09659","HomozygousHigh","treatment"
"C10","PTA063","IQT09653","HomozygousLow","treatment"
"A10","PTA063","IQT09652","HomozygousHigh","treatment"
"E14","PTA067","IQT09670","HomozygousLow","treatment"
"K07","PTA067","IQT08414","Heterozygous","treatment"
"K10","PTA068","IQT09657","Heterozygous","treatment"
"K12","PTA071","IQT09665","Heterozygous","treatment"
"M12","PTA071","IQT09666","HomozygousLow","treatment"
"C19","PTA079","IQT08363","Heterozygous","treatment"
"K24","PTA079","IQT09713","HomozygousLow","treatment"
"A19","PTA079","IQT08362","Heterozygous","treatment"
"G12","PTA082A","IQT09663","HomozygousLow","treatment"
"I12","PTA082A","IQT09664","HomozygousLow","treatment"
"E12","PTA082A","IQT09662","HomozygousLow","treatment"
"K11","PTA084B","IQT08335","HomozygousLow","treatment"
"A05","PTA088","IQT08401","Heterozygous","buffer"
"E07","PTA091","IQT08411","Heterozygous","buffer"
"G07","PTA091","IQT08412","HomozygousHigh","buffer"
"E21","PTA092","IQT08372","HomozygousLow","buffer"
"G19","PTA097","IQT08365","HomozygousHigh","buffer"
"K13","PTA098","IQT08343","HomozygousLow","buffer"
"C21","PTA102","IQT08371","HomozygousLow","buffer"
"O18","PTA108","IQT09691","HomozygousLow","buffer"
"K09","PTA112","IQT08422","HomozygousLow","buffer"
"E20","PTA114","IQT09694","HomozygousLow","buffer"
"G20","PTA114","IQT09695","Heterozygous","buffer"
"C01","PTA138","IQT08386","Heterozygous","treatment"
"E01","PTA138","IQT08387","Heterozygous","treatment"
"K05","PTA140","IQT08406","Heterozygous","treatment"
"M05","PTA140","IQT08407","HomozygousLow","treatment"
"G01","PTA142","IQT08388","HomozygousLow","treatment"
"I01","PTA142","IQT08389","HomozygousLow","treatment"
"I19","PTA145","IQT08366","HomozygousLow","treatment"
"E16","PTA147","IQT09678","HomozygousHigh","treatment"
"G09","PTA152-154","IQT08420","HomozygousLow","treatment"
"I09","PTA152-154","IQT08421","HomozygousLow","treatment"
"A12","PTA152","IQT09660","HomozygousLow","treatment"
"G05","PTA153","IQT08404","Heterozygous",NA
"A24","PTA155","IQT09708","HomozygousLow","treatment"
"C24","PTA155","IQT09709","Heterozygous","treatment"
"C02","PTA159","IQT09621","Heterozygous","treatment"
"M09","PTA160","IQT08423","Heterozygous","treatment"
"A13","PTA161","IQT08338","HomozygousLow","treatment"
"M11","PTA161","IQT08336","Heterozygous","treatment"
"O09","PTA161","IQT08424","Heterozygous","treatment"
"O11","PTA161","IQT08337","HomozygousLow","treatment"
"E05","PTA164B","IQT08403","Heterozygous","treatment"
"G08","PTA166","IQT09647","Heterozygous","treatment"
"M18","PTA167","IQT09690","HomozygousLow","treatment"
"K18","PTA167","IQT09689","HomozygousLow","treatment"
"C08","PTA167","IQT09645","HomozygousLow","treatment"
"K20","PTA168","IQT09697","HomozygousLow","treatment"
"O05","PTA168","IQT08408","Heterozygous","treatment"
"A07","PTA168","IQT08409","Heterozygous","treatment"
"I20","PTA168","IQT09696","HomozygousLow","treatment"
"C03","PTA172A","IQT08394","HomozygousLow","treatment"
"K02","PTA172I","IQT09625","Heterozygous","treatment"
"I05","PTA172A","IQT08405","Heterozygous","treatment"
"C16","PTA172F","IQT09677","Heterozygous","treatment"
"I02","PTA172I","IQT09624","HomozygousLow","treatment"
"M02","PTA172I","IQT09626","HomozygousLow","treatment"
"O01","PTA179","IQT08392","HomozygousLow",NA
"C13","PTA237","IQT08339","HomozygousLow","treatment"
"E13","PTA237","IQT08340","HomozygousLow","treatment"
"G23","PTA249","IQT08381","HomozygousLow","treatment"
"M07","PTA259","IQT08415","HomozygousLow","treatment"
"A01","PTA268","IQT08385","HomozygousLow","treatment"
"G11","PTA292","IQT08333","Heterozygous","treatment"
"I11","PTA292","IQT08334","Heterozygous","treatment"
"A03","PTA295A","IQT08393","HomozygousLow","other"
"M17","PTA737","IQT08360","HomozygousLow","treatment"
"K17","PTA930","IQT08359","HomozygousHigh","buffer"
"E23","PTA951","IQT08380","HomozygousLow","buffer"
"C23","PTA951","IQT08379","Heterozygous","buffer"
"E09","PTA955","IQT08419","HomozygousLow","buffer"
"K21","PTA965B","IQT08375","Heterozygous","buffer"
"I21","PTA965B","IQT08374","HomozygousHigh","buffer"
"G21","PTA965B","IQT08373","HomozygousLow","buffer"
"K08","PTA966","IQT09649","HomozygousHigh","buffer"
"A17","PTB174","IQT08354","HomozygousLow","other"
"O15","PTB174","IQT08353","HomozygousLow","other"
"K03","PTB206A","IQT08398","HomozygousLow","other"
"G03","PTB220-221","IQT08396","Heterozygous","other"
"I03","PTB220-221","IQT08397","Heterozygous","other"
"E15","PTB223A","IQT08348","HomozygousLow","other"
"E03","PTB230","IQT08395","HomozygousLow","other"
"A09","PTB260","IQT08417","Heterozygous","other"
"C07","PTB261","IQT08410","Heterozygous","other"
"M13","PTB293C","IQT08344","HomozygousLow","other"
"E08","PTB314","IQT09646","HomozygousLow","other"
"I24","PTB397","IQT09712","Heterozygous","buffer"
"G24","PTB397","IQT09711","HomozygousLow","buffer"
"A18","PTB417","IQT09684","HomozygousLow","other"
"O22","PTB418","IQT09707","Heterozygous","other"
"E22","PTB418","IQT09702","HomozygousHigh","other"
"K04","PTB425","IQT09633","Heterozygous","other"
"C11","PTB429","IQT08331","Heterozygous","other"
"A11","PTB429","IQT08330","Heterozygous","other"
"E24","PTB435","IQT09710","HomozygousLow","other"
"M16","PTB437","IQT09682","Heterozygous","other"
"K16","PTB437","IQT09681","HomozygousLow","other"
"G17","PTB438-440","IQT08357","Heterozygous","other"
"I17","PTB438-440","IQT08358","HomozygousLow","other"
"O13","PTB451A","IQT08345","HomozygousLow","other"
"A15","PTB451A","IQT08346","HomozygousLow","other"
"A04","PTB469","IQT09628","HomozygousHigh","other"
"A23","PTB469","IQT08378","HomozygousLow","other"
"M23","PTB473","IQT08384","Heterozygous","other"
"I15","PTB487","IQT08350","Heterozygous","other"
"K15","PTB487","IQT08351","Heterozygous","other"
"M15","PTB487","IQT08352","HomozygousLow","other"
"C05","PTB505","IQT08402","HomozygousLow","other"
"M19","PTB507","IQT08368","HomozygousHigh","other"
"K19","PTB507","IQT08367","HomozygousLow","other"
"O14","PTB510","IQT09675","HomozygousLow","other"
"A16","PTB510","IQT09676","HomozygousLow","other"
"M10","PTB510","IQT09658","Heterozygous","other"
"O02","PTB516","IQT09627","HomozygousLow","other"
"A21","PTB524","IQT08370","HomozygousLow","other"
"M24","PTB638","IQT09714","HomozygousLow","buffer"
"M14","PTB958B","IQT09674","Heterozygous","treatment"
"O19","PTD126","IQT08369","Heterozygous","other"
"I10","PTD132","IQT09656","Heterozygous","other"
"O06","PTD132","IQT09643","Heterozygous","other"
"K14","PTD140","IQT09673","HomozygousLow","other"
"G14","PTD140","IQT09671","Heterozygous","other"
"I14","PTD140","IQT09672","Heterozygous","other"
"K23","PTD141","IQT08383","HomozygousLow","other"
"I23","PTD141","IQT08382","HomozygousLow","other"
"M06","PTD142","IQT09642","HomozygousHigh","other"
"O04","PTD158","IQT09635","HomozygousHigh","other"
"M04","PTD158","IQT09634","HomozygousLow","other"
"C22","PTD163","IQT09701","HomozygousLow","other"
"A14","PTD165","IQT09668","Heterozygous","other"
"C14","PTD165","IQT09669","HomozygousLow","other"
"M08","PTD176","IQT09650","Heterozygous","other"
"O08","PTD176","IQT09651","HomozygousHigh","other"
"G15","PTD195B","IQT08349","HomozygousLow","other"
"G06","PTD199","IQT09639","Heterozygous","other"
"E06","PTD199","IQT09638","HomozygousLow","other"
"A08","PTD208","IQT09644","HomozygousLow","other"
"C17","PTD218","IQT08355","HomozygousLow","other"
"E17","PTD218","IQT08356","Heterozygous","other"
"C04","PTD221","IQT09629","Heterozygous","other"
"C06","PTD234","IQT09637","HomozygousLow","other"
"M20","PTD235","IQT09698","Heterozygous","other"
"A20","PTD237","IQT09692","HomozygousLow","other"
"I06","PTD240-241-276","IQT09640","HomozygousLow","other"
"K06","PTD240-241-276","IQT09641","Heterozygous","other"
"E11","PTD245","IQT08332","HomozygousLow","other"
"E18","PTD249","IQT09686","HomozygousLow","other"
"C18","PTD249","IQT09685","HomozygousHigh","other"
"M22","PTD254","IQT09706","HomozygousLow","other"
"O16","PTD261","IQT09683","HomozygousLow","other"
"G13","PTD261","IQT08341","HomozygousLow","other"
"I13","PTD261","IQT08342","Heterozygous","other"
"C12","PTD265","IQT09661","Heterozygous","other"
"G10","PTD271","IQT09655","HomozygousLow","other"
"E10","PTD271","IQT09654","HomozygousLow","other"
"O12","PTD284","IQT09667","Heterozygous","other"
"A02","PTD953","IQT09620","HomozygousHigh",NA
